best_solution_length.x,time,best_solution_length.y,best_solution_length.x.x,best_solution_length.y.y,best_solution_length.x.x.x,best_solution_length.y.y.y,best_solution_length.x.x.x.x,best_solution_length.y.y.y.y,best_solution_length.x.x.x.x.x,best_solution_length.y.y.y.y.y,best_solution_length.x.x.x.x.x.x,best_solution_length.y.y.y.y.y.y,best_solution_length.x.x.x.x.x.x.x,best_solution_length.y.y.y.y.y.y.y,best_solution_length
NA,2.365499,NA,NA,NA,NA,1777,NA,NA,NA,NA,NA,NA,NA,NA,NA
NA,2.366497,NA,NA,NA,NA,1770,NA,NA,NA,NA,NA,NA,NA,NA,NA
NA,2.366497,NA,NA,NA,NA,1766,NA,NA,NA,NA,NA,NA,NA,NA,NA
NA,2.370698,NA,NA,NA,NA,1752,NA,NA,NA,NA,NA,NA,NA,NA,NA
NA,2.400271,NA,NA,NA,7036,1752,NA,NA,NA,NA,NA,NA,NA,NA,NA
NA,2.400271,NA,NA,NA,6572,1752,NA,NA,NA,NA,NA,NA,NA,NA,NA
NA,2.401312,NA,NA,NA,1776,1752,NA,NA,NA,NA,NA,NA,NA,NA,NA
NA,2.403263,NA,NA,NA,1770,1752,NA,NA,NA,NA,NA,NA,NA,NA,NA
NA,2.403263,NA,NA,NA,1752,1752,NA,NA,NA,NA,NA,NA,NA,NA,NA
NA,2.471772,NA,NA,NA,1752,1752,NA,NA,1770,NA,NA,NA,NA,NA,NA
NA,2.471772,NA,NA,NA,1752,1752,NA,NA,1764,NA,NA,NA,NA,NA,NA
NA,2.485156,NA,NA,NA,1752,1752,NA,NA,1764,NA,NA,NA,NA,6893,NA
NA,2.486156,NA,NA,NA,1752,1752,NA,NA,1764,NA,NA,NA,NA,1779,NA
NA,2.487154,NA,NA,NA,1752,1752,NA,NA,1764,NA,NA,NA,NA,1763,NA
NA,2.492232,NA,NA,1779,1752,1752,NA,NA,1764,NA,NA,NA,NA,1763,NA
NA,2.493227,NA,NA,1776,1752,1752,NA,NA,1764,NA,NA,NA,NA,1763,NA
NA,2.494225,NA,NA,1767,1752,1752,NA,NA,1764,NA,NA,NA,NA,1763,NA
NA,2.495274,NA,NA,1764,1752,1752,NA,NA,1764,NA,NA,NA,NA,1763,NA
NA,2.5065,NA,NA,1764,1752,1752,NA,NA,1764,NA,NA,NA,NA,1763,1777
NA,2.5065,NA,NA,1764,1752,1752,NA,NA,1764,NA,NA,NA,NA,1763,1776
NA,2.507552,NA,NA,1764,1752,1752,NA,NA,1764,NA,NA,NA,NA,1763,1757
NA,2.543908,1747,NA,1764,1752,1752,NA,NA,1764,NA,NA,NA,NA,1763,1757
NA,2.546209,1747,NA,1764,1752,1752,NA,NA,1764,1777,NA,NA,NA,1763,1757
NA,2.547209,1747,NA,1764,1752,1752,NA,NA,1764,1767,NA,NA,NA,1763,1757
NA,2.548241,1747,NA,1764,1752,1752,NA,NA,1764,1763,NA,NA,NA,1763,1757
NA,2.552412,1747,NA,1764,1752,1752,NA,6910,1764,1763,NA,NA,NA,1763,1757
NA,2.553453,1747,NA,1764,1752,1752,NA,1779,1764,1763,NA,NA,NA,1763,1757
NA,2.553453,1747,NA,1764,1752,1752,NA,1767,1764,1763,NA,NA,NA,1763,1757
NA,2.556901,1747,NA,1764,1752,1752,NA,1752,1764,1763,NA,NA,NA,1763,1757
NA,2.560666,1747,1776,1764,1752,1752,NA,1752,1764,1763,NA,NA,NA,1763,1757
NA,2.561665,1747,1757,1764,1752,1752,NA,1752,1764,1763,NA,NA,NA,1763,1757
NA,2.561665,1747,1752,1764,1752,1752,NA,1752,1764,1763,NA,NA,NA,1763,1757
NA,2.605958,1747,1752,1764,1752,1752,NA,1752,1764,1763,NA,NA,1766,1763,1757
NA,2.621059,1747,1752,1764,1752,1752,6951,1752,1764,1763,NA,NA,1766,1763,1757
NA,2.622102,1747,1752,1764,1752,1752,1769,1752,1764,1763,NA,NA,1766,1763,1757
NA,2.622102,1747,1752,1764,1752,1752,1766,1752,1764,1763,NA,NA,1766,1763,1757
NA,2.623104,1747,1752,1764,1752,1752,1747,1752,1764,1763,NA,NA,1766,1763,1757
NA,2.628667,1747,1752,1764,1752,1752,1747,1752,1764,1763,1802,NA,1766,1763,1757
NA,2.629664,1747,1752,1764,1752,1752,1747,1752,1764,1763,1770,NA,1766,1763,1757
NA,2.630662,1747,1752,1764,1752,1752,1747,1752,1764,1763,1763,NA,1766,1763,1757
NA,2.632855,1747,1752,1764,1752,1752,1747,1752,1764,1763,1752,NA,1766,1763,1757
NA,2.738239,1747,1752,1764,1752,1752,1747,1752,1764,1763,1752,1759,1766,1763,1757
NA,2.739235,1747,1752,1764,1752,1752,1747,1752,1764,1763,1752,1747,1766,1763,1757
NA,3.177569,1747,1751,1764,1752,1752,1747,1752,1764,1763,1752,1747,1766,1763,1757
NA,3.358184,1747,1744,1764,1752,1752,1747,1752,1764,1763,1752,1747,1766,1763,1757
NA,3.551583,1747,1742,1764,1752,1752,1747,1752,1764,1763,1752,1747,1766,1763,1757
NA,3.712889,1747,1742,1764,1752,1750,1747,1752,1764,1763,1752,1747,1766,1763,1757
NA,3.746543,1747,1742,1764,1752,1750,1747,1752,1764,1761,1752,1747,1766,1763,1757
1779,3.83791,1747,1742,1764,1752,1750,1747,1752,1764,1761,1752,1747,1766,1763,1757
1770,3.838966,1747,1742,1764,1752,1750,1747,1752,1764,1761,1752,1747,1766,1763,1757
1747,3.840063,1747,1742,1764,1752,1750,1747,1752,1764,1761,1752,1747,1766,1763,1757
1747,4.308595,1747,1742,1764,1752,1750,1747,1752,1764,1761,1752,1747,1766,1762,1757
1747,4.494932,1747,1741,1764,1752,1750,1747,1752,1764,1761,1752,1747,1766,1762,1757
1747,4.503311,1747,1741,1764,1752,1750,1747,1752,1764,1761,1752,1746,1766,1762,1757
1747,4.646134,1747,1741,1764,1752,1750,1747,1752,1764,1761,1752,1746,1766,1760,1757
1747,4.692363,1747,1741,1764,1752,1750,1747,1752,1764,1761,1752,1737,1766,1760,1757
1747,4.885334,1747,1741,1764,1752,1750,1747,1752,1764,1761,1749,1737,1766,1760,1757
1747,5.226931,1747,1741,1764,1752,1750,1747,1752,1764,1761,1749,1737,1766,1757,1757
1747,5.254359,1747,1741,1764,1752,1750,1747,1752,1764,1761,1720,1737,1766,1757,1757
1747,5.317639,1747,1740,1764,1752,1750,1747,1752,1764,1761,1720,1737,1766,1757,1757
1747,5.427694,1747,1740,1764,1752,1750,1747,1752,1762,1761,1720,1737,1766,1757,1757
1747,5.537702,1747,1740,1752,1752,1750,1747,1752,1762,1761,1720,1737,1766,1757,1757
1747,5.650076,1747,1738,1752,1752,1750,1747,1752,1762,1761,1720,1737,1766,1757,1757
1747,6.135808,1747,1738,1752,1752,1750,1747,1752,1762,1761,1720,1733,1766,1757,1757
1747,6.167249,1747,1738,1752,1752,1750,1747,1748,1762,1761,1720,1733,1766,1757,1757
1747,6.223342,1747,1738,1752,1752,1750,1747,1740,1762,1761,1720,1733,1766,1757,1757
1747,6.229127,1747,1738,1752,1752,1750,1747,1740,1760,1761,1720,1733,1766,1757,1757
1747,6.270806,1747,1735,1752,1752,1750,1747,1740,1760,1761,1720,1733,1766,1757,1757
1747,6.283432,1747,1735,1752,1752,1750,1747,1740,1760,1761,1720,1733,1765,1757,1757
1747,6.499565,1747,1735,1752,1752,1750,1747,1740,1760,1761,1720,1733,1765,1757,1756
1747,6.511947,1747,1732,1752,1752,1750,1747,1740,1760,1761,1720,1733,1765,1757,1756
1747,6.581079,1747,1732,1750,1752,1750,1747,1740,1760,1761,1720,1733,1765,1757,1756
1747,6.833816,1747,1732,1750,1752,1750,1747,1740,1760,1761,1720,1733,1755,1757,1756
1747,7.055813,1747,1732,1750,1752,1750,1747,1740,1760,1761,1720,1733,1755,1757,1752
1747,7.073822,1747,1732,1750,1752,1749,1747,1740,1760,1761,1720,1733,1755,1757,1752
1747,7.142342,1747,1732,1750,1752,1749,1747,1740,1760,1759,1720,1733,1755,1757,1752
1747,7.157113,1747,1732,1750,1752,1749,1747,1740,1758,1759,1720,1733,1755,1757,1752
1747,7.210873,1747,1732,1750,1752,1749,1747,1740,1758,1759,1720,1733,1747,1757,1752
1747,7.282128,1747,1729,1750,1752,1749,1747,1740,1758,1759,1720,1733,1747,1757,1752
1747,7.315379,1747,1729,1750,1752,1749,1747,1740,1758,1759,1720,1724,1747,1757,1752
1747,7.320063,1747,1728,1750,1752,1749,1747,1740,1758,1759,1720,1724,1747,1757,1752
1747,7.36418,1747,1728,1750,1752,1749,1747,1739,1758,1759,1720,1724,1747,1757,1752
1747,7.486938,1747,1728,1750,1752,1749,1747,1733,1758,1759,1720,1724,1747,1757,1752
1747,7.659834,1747,1727,1750,1752,1749,1747,1733,1758,1759,1720,1724,1747,1757,1752
1747,7.902659,1747,1727,1750,1752,1749,1747,1733,1758,1759,1720,1724,1747,1757,1751
1747,7.929396,1747,1727,1750,1752,1749,1747,1732,1758,1759,1720,1724,1747,1757,1751
1747,7.941911,1747,1727,1750,1752,1748,1747,1732,1758,1759,1720,1724,1747,1757,1751
1747,7.95524,1747,1727,1750,1752,1748,1747,1732,1758,1759,1720,1723,1747,1757,1751
1747,7.970856,1747,1727,1750,1752,1748,1747,1732,1758,1759,1720,1723,1747,1754,1751
1747,8.010554,1747,1727,1750,1752,1748,1747,1732,1758,1755,1720,1723,1747,1754,1751
1747,8.010853,1747,1727,1750,1752,1748,1747,1732,1758,1755,1720,1723,1740,1754,1751
1747,8.026158,1747,1727,1750,1752,1748,1747,1732,1758,1755,1719,1723,1740,1754,1751
1747,8.068818,1747,1726,1750,1752,1748,1747,1732,1758,1755,1719,1723,1740,1754,1751
1747,8.165435,1747,1726,1750,1752,1748,1747,1731,1758,1755,1719,1723,1740,1754,1751
1747,8.205172,1747,1726,1750,1752,1748,1747,1731,1758,1755,1719,1723,1740,1751,1751
1747,8.229567,1747,1726,1750,1752,1748,1747,1730,1758,1755,1719,1723,1740,1751,1751
1747,8.266033,1747,1726,1750,1752,1748,1747,1720,1758,1755,1719,1723,1740,1751,1751
1747,8.408382,1747,1723,1750,1752,1748,1747,1720,1758,1755,1719,1723,1740,1751,1751
1747,8.504341,1747,1723,1750,1752,1748,1747,1720,1758,1755,1717,1723,1740,1751,1751
1747,8.548146,1747,1723,1750,1752,1748,1747,1720,1758,1755,1717,1722,1740,1751,1751
1747,8.902141,1747,1723,1749,1752,1748,1747,1720,1758,1755,1717,1722,1740,1751,1751
1747,8.920275,1747,1723,1749,1752,1748,1747,1720,1758,1755,1716,1722,1740,1751,1751
1747,8.958487,1747,1723,1749,1752,1748,1747,1720,1758,1755,1715,1722,1740,1751,1751
1747,8.991854,1747,1723,1749,1752,1747,1747,1720,1758,1755,1715,1722,1740,1751,1751
1747,9.035104,1747,1723,1749,1752,1747,1747,1720,1758,1755,1715,1722,1740,1751,1750
1747,9.158085,1747,1723,1749,1752,1747,1747,1720,1758,1755,1715,1722,1739,1751,1750
1747,9.184506,1747,1723,1749,1752,1747,1747,1720,1758,1755,1715,1722,1739,1751,1748
1747,9.251424,1747,1723,1749,1752,1747,1747,1720,1758,1755,1715,1719,1739,1751,1748
1747,9.387647,1747,1723,1749,1752,1747,1747,1720,1758,1755,1715,1717,1739,1751,1748
1747,9.477124,1747,1723,1749,1752,1747,1747,1720,1749,1755,1715,1717,1739,1751,1748
1747,9.535654,1747,1723,1749,1752,1747,1747,1720,1749,1755,1715,1717,1737,1751,1748
1747,9.545935,1747,1723,1749,1752,1747,1747,1719,1749,1755,1715,1717,1737,1751,1748
1747,9.629532,1747,1723,1748,1752,1747,1747,1719,1749,1755,1715,1717,1737,1751,1748
1747,9.805787,1747,1723,1748,1752,1747,1747,1719,1749,1755,1715,1717,1736,1751,1748
1747,9.89477,1747,1723,1748,1752,1747,1747,1719,1749,1755,1715,1717,1736,1751,1739
1747,9.902709,1747,1723,1748,1752,1747,1747,1719,1749,1755,1715,1717,1735,1751,1739
1747,9.922318,1747,1723,1747,1752,1747,1747,1719,1749,1755,1715,1717,1735,1751,1739
1747,10.006088,1747,1723,1747,1752,1747,1747,1717,1749,1755,1715,1717,1735,1751,1739
1747,10.033222,1747,1723,1747,1752,1747,1747,1717,1749,1755,1714,1717,1735,1751,1739
1747,10.08839,1747,1723,1747,1752,1747,1747,1717,1749,1747,1714,1717,1735,1751,1739
1747,10.130567,1747,1723,1747,1752,1747,1747,1715,1749,1747,1714,1717,1735,1751,1739
1747,10.141095,1747,1723,1747,1752,1747,1747,1715,1749,1747,1712,1717,1735,1751,1739
1747,10.169839,1747,1723,1747,1752,1747,1747,1715,1749,1747,1712,1717,1735,1751,1736
1747,10.278278,1747,1723,1747,1752,1747,1747,1715,1749,1743,1712,1717,1735,1751,1736
1747,10.286424,1747,1723,1747,1752,1747,1747,1715,1749,1743,1712,1717,1734,1751,1736
1747,10.431517,1747,1723,1747,1752,1747,1747,1715,1749,1743,1712,1717,1734,1747,1736
1747,10.707303,1747,1723,1747,1752,1747,1747,1715,1749,1743,1712,1717,1723,1747,1736
1747,10.80791,1747,1723,1747,1752,1747,1747,1715,1749,1743,1712,1717,1723,1745,1736
1747,10.943789,1747,1723,1747,1752,1747,1747,1715,1749,1743,1712,1717,1723,1743,1736
1747,11.020162,1747,1723,1747,1752,1747,1747,1715,1749,1743,1712,1717,1723,1743,1734
1747,11.08261,1747,1723,1747,1752,1745,1747,1715,1749,1743,1712,1717,1723,1743,1734
1747,11.119487,1747,1723,1747,1752,1745,1745,1715,1749,1743,1712,1717,1723,1743,1734
1747,11.238867,1747,1723,1747,1752,1739,1745,1715,1749,1743,1712,1717,1723,1743,1734
1747,11.440331,1747,1723,1747,1752,1739,1744,1715,1749,1743,1712,1717,1723,1743,1734
1747,11.565893,1747,1723,1747,1752,1739,1744,1715,1749,1743,1712,1717,1723,1740,1734
1747,11.622589,1747,1723,1747,1752,1739,1744,1715,1749,1735,1712,1717,1723,1740,1734
1747,11.788809,1747,1723,1747,1752,1739,1744,1715,1749,1733,1712,1717,1723,1740,1734
1747,11.803611,1747,1723,1747,1752,1739,1744,1715,1749,1733,1712,1717,1723,1738,1734
1747,11.88391,1747,1723,1747,1752,1739,1744,1715,1748,1733,1712,1717,1723,1738,1734
1747,12.118227,1740,1723,1747,1752,1739,1744,1715,1748,1733,1712,1717,1723,1738,1734
1747,12.127408,1740,1723,1747,1752,1739,1744,1715,1746,1733,1712,1717,1723,1738,1734
1747,12.18941,1740,1723,1747,1752,1738,1744,1715,1746,1733,1712,1717,1723,1738,1734
1747,12.334978,1740,1723,1747,1752,1738,1744,1714,1746,1733,1712,1717,1723,1738,1734
1747,12.39185,1740,1723,1747,1752,1738,1744,1713,1746,1733,1712,1717,1723,1738,1734
1747,12.395378,1740,1723,1747,1752,1738,1744,1713,1746,1733,1712,1717,1722,1738,1734
1747,12.497437,1740,1723,1747,1752,1738,1744,1713,1746,1733,1712,1717,1721,1738,1734
1747,12.613619,1740,1723,1745,1752,1738,1744,1713,1746,1733,1712,1717,1721,1738,1734
1747,12.779842,1740,1723,1745,1752,1738,1744,1713,1742,1733,1712,1717,1721,1738,1734
1747,12.886783,1740,1723,1745,1752,1737,1744,1713,1742,1733,1712,1717,1721,1738,1734
1747,12.955072,1740,1722,1745,1752,1737,1744,1713,1742,1733,1712,1717,1721,1738,1734
1747,13.182339,1740,1722,1745,1752,1734,1744,1713,1742,1733,1712,1717,1721,1738,1734
1747,13.204544,1740,1722,1745,1752,1734,1742,1713,1742,1733,1712,1717,1721,1738,1734
1747,13.39524,1740,1722,1745,1752,1729,1742,1713,1742,1733,1712,1717,1721,1738,1734
1747,13.41835,1740,1722,1745,1752,1729,1742,1712,1742,1733,1712,1717,1721,1738,1734
1747,13.448208,1740,1722,1744,1752,1729,1742,1712,1742,1733,1712,1717,1721,1738,1734
1747,13.589333,1740,1722,1744,1752,1729,1742,1712,1742,1733,1712,1717,1721,1737,1734
1747,13.927447,1740,1722,1744,1752,1729,1730,1712,1742,1733,1712,1717,1721,1737,1734
1747,14.313174,1739,1722,1744,1752,1729,1730,1712,1742,1733,1712,1717,1721,1737,1734
1747,14.330729,1739,1722,1744,1752,1729,1729,1712,1742,1733,1712,1717,1721,1737,1734
1747,14.497558,1739,1722,1744,1752,1729,1729,1712,1742,1733,1712,1717,1721,1737,1733
1747,14.591663,1739,1722,1742,1752,1729,1729,1712,1742,1733,1712,1717,1721,1737,1733
1747,14.930591,1739,1722,1742,1752,1729,1729,1712,1742,1733,1712,1717,1721,1737,1731
1747,14.930672,1739,1721,1742,1752,1729,1729,1712,1742,1733,1712,1717,1721,1737,1731
1747,14.947617,1739,1721,1742,1752,1729,1729,1712,1742,1733,1712,1717,1721,1736,1731
1747,15.006585,1739,1721,1742,1752,1729,1728,1712,1742,1733,1712,1717,1721,1736,1731
1747,15.041098,1739,1721,1742,1752,1729,1728,1712,1742,1733,1712,1717,1721,1730,1731
1747,15.042198,1739,1721,1742,1752,1729,1728,1712,1742,1729,1712,1717,1721,1730,1731
1747,15.078761,1739,1721,1741,1752,1729,1728,1712,1742,1729,1712,1717,1721,1730,1731
1747,15.110488,1739,1721,1741,1752,1729,1728,1712,1742,1729,1712,1717,1720,1730,1731
1747,15.652824,1739,1721,1741,1752,1729,1728,1712,1735,1729,1712,1717,1720,1730,1731
1747,15.654212,1739,1721,1741,1752,1729,1727,1712,1735,1729,1712,1717,1720,1730,1731
1747,15.716274,1739,1721,1741,1752,1729,1722,1712,1735,1729,1712,1717,1720,1730,1731
1747,15.834448,1739,1721,1741,1752,1729,1722,1712,1732,1729,1712,1717,1720,1730,1731
1747,16.000947,1734,1721,1741,1752,1729,1722,1712,1732,1729,1712,1717,1720,1730,1731
1747,16.025729,1734,1721,1741,1752,1729,1722,1712,1730,1729,1712,1717,1720,1730,1731
1747,16.127642,1734,1721,1741,1752,1729,1722,1712,1730,1729,1712,1717,1720,1729,1731
1747,16.195486,1734,1721,1741,1752,1729,1722,1712,1730,1729,1712,1717,1720,1729,1722
1747,16.207543,1734,1721,1741,1752,1729,1722,1712,1730,1729,1712,1717,1720,1727,1722
1747,16.323027,1734,1721,1741,1752,1718,1722,1712,1730,1729,1712,1717,1720,1727,1722
1747,16.326497,1734,1721,1741,1752,1718,1722,1712,1730,1729,1712,1717,1720,1727,1720
1747,16.913878,1734,1721,1741,1752,1718,1722,1711,1730,1729,1712,1717,1720,1727,1720
1747,16.965045,1734,1715,1741,1752,1718,1722,1711,1730,1729,1712,1717,1720,1727,1720
1747,17.086621,1734,1715,1741,1752,1718,1722,1709,1730,1729,1712,1717,1720,1727,1720
1747,17.181988,1734,1715,1741,1752,1718,1722,1709,1730,1727,1712,1717,1720,1727,1720
1747,17.182395,1734,1715,1741,1752,1718,1722,1709,1730,1727,1712,1717,1720,1726,1720
1747,17.623397,1734,1715,1741,1752,1715,1722,1709,1730,1727,1712,1717,1720,1726,1720
1747,17.712857,1734,1715,1741,1752,1715,1722,1709,1730,1727,1712,1712,1720,1726,1720
1747,17.921281,1734,1715,1741,1752,1715,1709,1709,1730,1727,1712,1712,1720,1726,1720
1747,18.397095,1734,1709,1741,1752,1715,1709,1709,1730,1727,1712,1712,1720,1726,1720
1747,18.534658,1734,1709,1741,1752,1715,1709,1709,1730,1727,1712,1712,1720,1715,1720
1747,18.779421,1734,1709,1736,1752,1715,1709,1709,1730,1727,1712,1712,1720,1715,1720
1747,18.958399,1732,1709,1736,1752,1715,1709,1709,1730,1727,1712,1712,1720,1715,1720
1747,19.064989,1732,1709,1736,1752,1715,1709,1709,1730,1727,1712,1711,1720,1715,1720
1747,19.198388,1732,1709,1736,1752,1715,1709,1709,1730,1727,1712,1711,1719,1715,1720
1747,19.203853,1732,1709,1736,1752,1713,1709,1709,1730,1727,1712,1711,1719,1715,1720
1747,19.369119,1732,1709,1736,1752,1713,1709,1709,1730,1727,1712,1711,1719,1706,1720
1747,19.380419,1732,1709,1736,1752,1713,1709,1709,1730,1724,1712,1711,1719,1706,1720
1747,19.614749,1732,1709,1736,1752,1713,1709,1709,1730,1724,1712,1709,1719,1706,1720
1747,19.725122,1732,1709,1736,1752,1713,1709,1709,1730,1724,1712,1705,1719,1706,1720
1747,19.865043,1724,1709,1736,1752,1713,1709,1709,1730,1724,1712,1705,1719,1706,1720
1747,19.919979,1724,1709,1736,1752,1713,1709,1709,1730,1724,1712,1705,1719,1701,1720
1747,19.975542,1724,1709,1736,1752,1713,1709,1709,1730,1724,1712,1705,1719,1701,1719
1747,20.093248,1724,1709,1736,1752,1713,1709,1709,1730,1724,1712,1705,1719,1701,1718
1747,20.166488,1724,1706,1736,1752,1713,1709,1709,1730,1724,1712,1705,1719,1701,1718
1747,20.301813,1724,1706,1736,1752,1713,1709,1709,1730,1721,1712,1705,1719,1701,1718
1747,20.350709,1724,1706,1736,1752,1713,1709,1709,1730,1721,1712,1703,1719,1701,1718
1747,20.918543,1724,1702,1736,1752,1713,1709,1709,1730,1721,1712,1703,1719,1701,1718
1747,20.91862,1724,1702,1736,1752,1713,1709,1709,1730,1721,1712,1703,1719,1698,1718
1747,21.164925,1724,1702,1736,1752,1713,1709,1709,1730,1721,1712,1703,1719,1698,1717
1747,21.182275,1724,1702,1736,1752,1713,1709,1709,1730,1721,1712,1701,1719,1698,1717
1747,21.199284,1723,1702,1736,1752,1713,1709,1709,1730,1721,1712,1701,1719,1698,1717
1747,21.230633,1723,1702,1736,1752,1713,1708,1709,1730,1721,1712,1701,1719,1698,1717
1747,21.356593,1723,1687,1736,1752,1713,1708,1709,1730,1721,1712,1701,1719,1698,1717
1747,21.402084,1723,1687,1736,1752,1713,1708,1709,1730,1721,1712,1701,1719,1698,1716
1747,21.469926,1723,1687,1736,1752,1713,1708,1709,1730,1721,1711,1701,1719,1698,1716
1747,21.641987,1723,1687,1736,1752,1713,1708,1709,1730,1717,1711,1701,1719,1698,1716
1747,21.861184,1723,1687,1736,1752,1713,1708,1709,1726,1717,1711,1701,1719,1698,1716
1747,21.919096,1723,1687,1736,1752,1713,1708,1709,1726,1717,1711,1701,1719,1698,1709
1747,21.995064,1723,1687,1736,1752,1713,1708,1709,1724,1717,1711,1701,1719,1698,1709
1747,22.112868,1723,1687,1736,1752,1713,1708,1709,1724,1717,1711,1701,1719,1697,1709
1747,22.222074,1723,1687,1736,1752,1713,1708,1709,1724,1717,1711,1698,1719,1697,1709
1747,22.231534,1723,1687,1730,1752,1713,1708,1709,1724,1717,1711,1698,1719,1697,1709
1747,22.297651,1723,1687,1730,1752,1713,1708,1709,1724,1717,1711,1698,1719,1697,1700
1747,22.32288,1723,1687,1730,1752,1713,1708,1709,1724,1717,1711,1698,1719,1697,1699
1747,22.329124,1723,1687,1730,1752,1713,1708,1709,1723,1717,1711,1698,1719,1697,1699
1747,22.548477,1723,1687,1730,1752,1712,1708,1709,1723,1717,1711,1698,1719,1697,1699
1747,22.872862,1723,1687,1730,1752,1712,1708,1709,1723,1717,1711,1698,1719,1697,1694
1747,22.884186,1723,1687,1730,1752,1707,1708,1709,1723,1717,1711,1698,1719,1697,1694
1747,23.010998,1723,1687,1730,1752,1707,1708,1709,1723,1712,1711,1698,1719,1697,1694
1747,23.041779,1723,1687,1730,1752,1707,1708,1709,1723,1712,1711,1698,1719,1697,1692
1747,23.119287,1723,1687,1730,1752,1706,1708,1709,1723,1712,1711,1698,1719,1697,1692
1747,23.22214,1723,1687,1730,1752,1706,1708,1709,1723,1711,1711,1698,1719,1697,1692
1736,23.36346,1723,1687,1730,1752,1706,1708,1709,1723,1711,1711,1698,1719,1697,1692
1736,23.641961,1723,1687,1722,1752,1706,1708,1709,1723,1711,1711,1698,1719,1697,1692
1736,23.707106,1723,1687,1722,1752,1706,1708,1709,1723,1709,1711,1698,1719,1697,1692
1736,23.769255,1723,1687,1722,1752,1706,1708,1709,1723,1709,1711,1698,1719,1694,1692
1736,23.969079,1723,1687,1722,1752,1706,1699,1709,1723,1709,1711,1698,1719,1694,1692
1736,23.989046,1723,1687,1722,1752,1704,1699,1709,1723,1709,1711,1698,1719,1694,1692
1734,24.068791,1723,1687,1722,1752,1704,1699,1709,1723,1709,1711,1698,1719,1694,1692
1734,24.28509,1723,1687,1722,1752,1698,1699,1709,1723,1709,1711,1698,1719,1694,1692
1734,24.415147,1723,1687,1719,1752,1698,1699,1709,1723,1709,1711,1698,1719,1694,1692
1734,24.507351,1723,1684,1719,1752,1698,1699,1709,1723,1709,1711,1698,1719,1694,1692
1734,24.612601,1723,1684,1719,1752,1698,1699,1709,1723,1708,1711,1698,1719,1694,1692
1734,24.747721,1723,1684,1719,1752,1698,1695,1709,1723,1708,1711,1698,1719,1694,1692
1734,24.780955,1723,1684,1719,1752,1698,1695,1709,1723,1708,1711,1698,1719,1690,1692
1734,24.818222,1723,1684,1719,1752,1698,1695,1709,1723,1707,1711,1698,1719,1690,1692
1734,24.94858,1723,1684,1719,1752,1698,1695,1700,1723,1707,1711,1698,1719,1690,1692
1734,24.957533,1723,1684,1714,1752,1698,1695,1700,1723,1707,1711,1698,1719,1690,1692
1734,25.018767,1723,1684,1714,1752,1689,1695,1700,1723,1707,1711,1698,1719,1690,1692
1734,25.055632,1723,1684,1714,1752,1689,1695,1700,1723,1707,1711,1698,1719,1690,1691
1734,25.344895,1723,1684,1714,1752,1684,1695,1700,1723,1707,1711,1698,1719,1690,1691
1734,25.512404,1723,1684,1714,1752,1684,1695,1700,1723,1703,1711,1698,1719,1690,1691
1734,25.542921,1723,1684,1714,1752,1684,1695,1700,1722,1703,1711,1698,1719,1690,1691
1734,25.592442,1723,1683,1714,1752,1684,1695,1700,1722,1703,1711,1698,1719,1690,1691
1734,25.888999,1723,1683,1714,1752,1684,1695,1700,1722,1703,1711,1698,1719,1690,1690
1734,25.997192,1723,1683,1714,1752,1684,1695,1700,1722,1697,1711,1698,1719,1690,1690
1734,26.105111,1723,1683,1712,1752,1684,1695,1700,1722,1697,1711,1698,1719,1690,1690
1734,26.540537,1722,1683,1712,1752,1684,1695,1700,1722,1697,1711,1698,1719,1690,1690
1734,26.785399,1722,1683,1712,1752,1684,1695,1700,1719,1697,1711,1698,1719,1690,1690
1734,26.831621,1722,1682,1712,1752,1684,1695,1700,1719,1697,1711,1698,1719,1690,1690
1734,26.928911,1722,1682,1712,1752,1684,1695,1700,1719,1696,1711,1698,1719,1690,1690
1734,26.934463,1722,1682,1712,1752,1684,1694,1700,1719,1696,1711,1698,1719,1690,1690
1734,26.988225,1722,1682,1712,1752,1684,1694,1700,1719,1696,1711,1694,1719,1690,1690
1734,27.19357,1722,1682,1710,1752,1684,1694,1700,1719,1696,1711,1694,1719,1690,1690
1734,27.363037,1722,1682,1710,1752,1682,1694,1700,1719,1696,1711,1694,1719,1690,1690
1734,27.39254,1722,1682,1710,1752,1682,1694,1700,1719,1689,1711,1694,1719,1690,1690
1734,27.573433,1722,1682,1710,1752,1682,1694,1700,1719,1687,1711,1694,1719,1690,1690
1734,28.295976,1719,1682,1710,1752,1682,1694,1700,1719,1687,1711,1694,1719,1690,1690
1734,28.392729,1718,1682,1710,1752,1682,1694,1700,1719,1687,1711,1694,1719,1690,1690
1734,28.644118,1718,1682,1710,1752,1682,1694,1700,1719,1687,1711,1694,1715,1690,1690
1734,28.676728,1718,1682,1710,1752,1682,1694,1700,1719,1687,1711,1691,1715,1690,1690
1734,28.734823,1718,1681,1710,1752,1682,1694,1700,1719,1687,1711,1691,1715,1690,1690
1734,29.044673,1703,1681,1710,1752,1682,1694,1700,1719,1687,1711,1691,1715,1690,1690
1734,29.117564,1703,1681,1710,1752,1682,1694,1700,1719,1687,1711,1691,1707,1690,1690
1723,29.357826,1703,1681,1710,1752,1682,1694,1700,1719,1687,1711,1691,1707,1690,1690
1723,29.462322,1703,1681,1710,1752,1682,1694,1700,1718,1687,1711,1691,1707,1690,1690
1711,29.718217,1703,1681,1710,1752,1682,1694,1700,1718,1687,1711,1691,1707,1690,1690
1711,29.877504,1703,1681,1710,1752,1682,1694,1700,1718,1687,1707,1691,1707,1690,1690
1711,30.008761,1703,1681,1710,1752,1682,1694,1700,1718,1687,1707,1691,1705,1690,1690
1711,30.059259,1703,1681,1710,1752,1682,1694,1700,1717,1687,1707,1691,1705,1690,1690
1711,30.150555,1703,1681,1710,1752,1682,1694,1700,1717,1687,1707,1691,1704,1690,1690
1702,30.896648,1703,1681,1710,1752,1682,1694,1700,1717,1687,1707,1691,1704,1690,1690
1702,31.325112,1703,1681,1710,1752,1682,1694,1700,1717,1687,1707,1691,1703,1690,1690
1702,31.402584,1703,1677,1710,1752,1682,1694,1700,1717,1687,1707,1691,1703,1690,1690
1702,31.571228,1703,1677,1709,1752,1682,1694,1700,1717,1687,1707,1691,1703,1690,1690
1702,31.636209,1703,1677,1709,1752,1682,1694,1700,1715,1687,1707,1691,1703,1690,1690
1702,31.711571,1703,1677,1707,1752,1682,1694,1700,1715,1687,1707,1691,1703,1690,1690
1702,31.847475,1703,1677,1707,1752,1682,1694,1700,1715,1682,1707,1691,1703,1690,1690
1702,31.996487,1703,1677,1707,1752,1682,1694,1700,1711,1682,1707,1691,1703,1690,1690
1702,32.117797,1703,1677,1707,1752,1682,1685,1700,1711,1682,1707,1691,1703,1690,1690
1702,32.139682,1703,1676,1707,1752,1682,1685,1700,1711,1682,1707,1691,1703,1690,1690
1702,32.15605,1703,1676,1707,1752,1670,1685,1700,1711,1682,1707,1691,1703,1690,1690
1702,32.388913,1703,1676,1707,1752,1670,1685,1700,1711,1682,1707,1691,1703,1690,1685
1702,32.434652,1703,1676,1707,1752,1670,1685,1700,1711,1682,1707,1691,1702,1690,1685
1702,32.547431,1703,1676,1707,1752,1670,1685,1700,1711,1672,1707,1691,1702,1690,1685
1702,32.686703,1703,1676,1706,1752,1670,1685,1700,1711,1672,1707,1691,1702,1690,1685
1702,33.236641,1703,1676,1706,1752,1670,1685,1700,1711,1670,1707,1691,1702,1690,1685
1702,33.277736,1700,1676,1706,1752,1670,1685,1700,1711,1670,1707,1691,1702,1690,1685
1702,33.432394,1700,1676,1706,1752,1670,1685,1700,1711,1670,1707,1691,1702,1689,1685
1700,33.572341,1700,1676,1706,1752,1670,1685,1700,1711,1670,1707,1691,1702,1689,1685
1700,33.664508,1700,1675,1706,1752,1670,1685,1700,1711,1670,1707,1691,1702,1689,1685
1700,33.681277,1698,1675,1706,1752,1670,1685,1700,1711,1670,1707,1691,1702,1689,1685
1700,33.726213,1698,1675,1706,1752,1670,1685,1700,1711,1670,1707,1690,1702,1689,1685
1697,33.885843,1698,1675,1706,1752,1670,1685,1700,1711,1670,1707,1690,1702,1689,1685
1697,34.330508,1693,1675,1706,1752,1670,1685,1700,1711,1670,1707,1690,1702,1689,1685
1697,34.351822,1693,1675,1706,1752,1670,1685,1700,1711,1670,1707,1690,1701,1689,1685
1697,34.5988,1693,1675,1706,1752,1670,1685,1691,1711,1670,1707,1690,1701,1689,1685
1697,35.058431,1693,1675,1706,1752,1670,1685,1691,1711,1670,1707,1690,1701,1688,1685
1697,35.207053,1693,1675,1706,1752,1670,1685,1691,1711,1670,1707,1690,1699,1688,1685
1697,35.35376,1693,1671,1706,1752,1670,1685,1691,1711,1670,1707,1690,1699,1688,1685
1697,35.488977,1693,1671,1706,1752,1670,1685,1678,1711,1670,1707,1690,1699,1688,1685
1697,35.645958,1693,1671,1706,1752,1670,1683,1678,1711,1670,1707,1690,1699,1688,1685
1692,35.796633,1693,1671,1706,1752,1670,1683,1678,1711,1670,1707,1690,1699,1688,1685
1692,35.827866,1693,1671,1706,1752,1670,1683,1675,1711,1670,1707,1690,1699,1688,1685
1692,36.165508,1693,1671,1706,1752,1670,1683,1675,1711,1670,1698,1690,1699,1688,1685
1691,36.198789,1693,1671,1706,1752,1670,1683,1675,1711,1670,1698,1690,1699,1688,1685
1691,36.379066,1693,1670,1706,1752,1670,1683,1675,1711,1670,1698,1690,1699,1688,1685
1691,36.592686,1693,1670,1706,1752,1670,1683,1675,1711,1670,1698,1689,1699,1688,1685
1691,36.814156,1693,1670,1706,1752,1670,1683,1675,1711,1670,1698,1689,1699,1688,1684
1691,36.925251,1693,1670,1706,1752,1670,1683,1675,1711,1668,1698,1689,1699,1688,1684
1691,36.99456,1693,1670,1706,1752,1670,1683,1675,1711,1668,1698,1679,1699,1688,1684
1691,37.172295,1693,1670,1706,1752,1670,1682,1675,1711,1668,1698,1679,1699,1688,1684
1691,37.176642,1693,1670,1706,1752,1670,1682,1675,1711,1666,1698,1679,1699,1688,1684
1691,37.232852,1693,1670,1706,1752,1670,1682,1675,1711,1666,1698,1676,1699,1688,1684
1691,37.262723,1693,1670,1706,1752,1668,1682,1675,1711,1666,1698,1676,1699,1688,1684
1691,37.380149,1693,1661,1706,1752,1668,1682,1675,1711,1666,1698,1676,1699,1688,1684
1691,37.381439,1693,1661,1706,1752,1667,1682,1675,1711,1666,1698,1676,1699,1688,1684
1691,37.406323,1690,1661,1706,1752,1667,1682,1675,1711,1666,1698,1676,1699,1688,1684
1691,37.545703,1690,1661,1703,1752,1667,1682,1675,1711,1666,1698,1676,1699,1688,1684
1691,37.719472,1688,1661,1703,1752,1667,1682,1675,1711,1666,1698,1676,1699,1688,1684
1691,37.862755,1688,1661,1703,1752,1663,1682,1675,1711,1666,1698,1676,1699,1688,1684
1691,37.867092,1688,1661,1701,1752,1663,1682,1675,1711,1666,1698,1676,1699,1688,1684
1682,37.898657,1688,1661,1701,1752,1663,1682,1675,1711,1666,1698,1676,1699,1688,1684
1682,37.952394,1688,1661,1701,1752,1663,1673,1675,1711,1666,1698,1676,1699,1688,1684
1682,38.183189,1688,1661,1696,1752,1663,1673,1675,1711,1666,1698,1676,1699,1688,1684
1682,38.347041,1688,1661,1696,1752,1663,1673,1675,1704,1666,1698,1676,1699,1688,1684
1682,38.36852,1688,1661,1696,1752,1663,1673,1675,1704,1666,1698,1676,1699,1687,1684
1674,38.576801,1688,1661,1696,1752,1663,1673,1675,1704,1666,1698,1676,1699,1687,1684
1674,38.661171,1688,1661,1696,1752,1663,1673,1673,1704,1666,1698,1676,1699,1687,1684
1674,38.664106,1688,1661,1696,1752,1663,1673,1673,1704,1666,1698,1676,1695,1687,1684
1674,38.716594,1688,1661,1696,1752,1663,1673,1673,1704,1666,1698,1676,1695,1687,1677
1674,38.759116,1688,1660,1696,1752,1663,1673,1673,1704,1666,1698,1676,1695,1687,1677
1674,38.772144,1688,1660,1696,1752,1663,1673,1673,1704,1666,1696,1676,1695,1687,1677
1673,38.862508,1688,1660,1696,1752,1663,1673,1673,1704,1666,1696,1676,1695,1687,1677
1673,38.867963,1688,1660,1696,1752,1663,1673,1673,1704,1665,1696,1676,1695,1687,1677
1673,38.912283,1688,1660,1696,1752,1663,1671,1673,1704,1665,1696,1676,1695,1687,1677
1673,38.92481,1688,1660,1696,1752,1663,1671,1673,1704,1664,1696,1676,1695,1687,1677
1673,39.101581,1688,1660,1696,1752,1663,1671,1673,1704,1664,1696,1673,1695,1687,1677
1673,39.213745,1688,1660,1696,1752,1663,1671,1673,1704,1664,1696,1673,1695,1686,1677
1673,39.336514,1688,1660,1696,1752,1662,1671,1673,1704,1664,1696,1673,1695,1686,1677
1673,39.344878,1688,1660,1696,1752,1662,1671,1673,1704,1659,1696,1673,1695,1686,1677
1673,39.80846,1688,1660,1696,1752,1662,1671,1673,1704,1659,1696,1673,1695,1685,1677
1673,39.895321,1688,1660,1696,1752,1662,1671,1673,1704,1659,1696,1673,1695,1685,1669
1673,40.050078,1688,1660,1696,1752,1662,1671,1671,1704,1659,1696,1673,1695,1685,1669
1673,40.163743,1688,1660,1696,1752,1662,1671,1671,1702,1659,1696,1673,1695,1685,1669
1673,40.287245,1687,1660,1696,1752,1662,1671,1671,1702,1659,1696,1673,1695,1685,1669
1673,40.545713,1687,1658,1696,1752,1662,1671,1671,1702,1659,1696,1673,1695,1685,1669
1673,41.02908,1687,1658,1696,1749,1662,1671,1671,1702,1659,1696,1673,1695,1685,1669
1673,41.222298,1687,1658,1696,1749,1662,1671,1671,1686,1659,1696,1673,1695,1685,1669
1673,41.287117,1687,1658,1696,1748,1662,1671,1671,1686,1659,1696,1673,1695,1685,1669
1672,41.524235,1687,1658,1696,1748,1662,1671,1671,1686,1659,1696,1673,1695,1685,1669
1672,41.730345,1687,1658,1696,1748,1662,1669,1671,1686,1659,1696,1673,1695,1685,1669
1671,41.800122,1687,1658,1696,1748,1662,1669,1671,1686,1659,1696,1673,1695,1685,1669
1671,41.863163,1686,1658,1696,1748,1662,1669,1671,1686,1659,1696,1673,1695,1685,1669
1671,41.970652,1686,1658,1689,1748,1662,1669,1671,1686,1659,1696,1673,1695,1685,1669
1671,41.98418,1686,1657,1689,1748,1662,1669,1671,1686,1659,1696,1673,1695,1685,1669
1671,42.006099,1686,1657,1689,1748,1662,1669,1671,1686,1659,1696,1673,1694,1685,1669
1671,42.100057,1686,1657,1689,1748,1662,1669,1671,1686,1659,1696,1673,1694,1678,1669
1666,42.129771,1686,1657,1689,1748,1662,1669,1671,1686,1659,1696,1673,1694,1678,1669
1665,42.180476,1686,1657,1689,1748,1662,1669,1671,1686,1659,1696,1673,1694,1678,1669
1665,42.733635,1686,1657,1689,1748,1662,1669,1671,1686,1653,1696,1673,1694,1678,1669
1665,42.755986,1686,1656,1689,1748,1662,1669,1671,1686,1653,1696,1673,1694,1678,1669
1665,42.867463,1686,1656,1689,1748,1662,1669,1671,1685,1653,1696,1673,1694,1678,1669
1665,43.07478,1686,1656,1689,1748,1662,1669,1671,1684,1653,1696,1673,1694,1678,1669
1665,43.333813,1686,1656,1688,1748,1662,1669,1671,1684,1653,1696,1673,1694,1678,1669
1665,43.419533,1686,1656,1688,1748,1659,1669,1671,1684,1653,1696,1673,1694,1678,1669
1665,43.475597,1686,1656,1688,1748,1659,1669,1671,1682,1653,1696,1673,1694,1678,1669
1665,43.72921,1686,1656,1687,1748,1659,1669,1671,1682,1653,1696,1673,1694,1678,1669
1665,43.758148,1686,1656,1687,1748,1659,1669,1671,1682,1652,1696,1673,1694,1678,1669
1665,44.116602,1686,1656,1687,1748,1659,1669,1671,1682,1652,1695,1673,1694,1678,1669
1665,44.213964,1686,1656,1687,1748,1659,1669,1671,1682,1652,1694,1673,1694,1678,1669
1665,44.411181,1686,1656,1687,1748,1659,1669,1671,1682,1652,1694,1665,1694,1678,1669
1665,44.450626,1686,1656,1687,1748,1659,1669,1671,1682,1652,1694,1665,1694,1673,1669
1665,44.540577,1686,1656,1687,1748,1659,1669,1670,1682,1652,1694,1665,1694,1673,1669
1665,44.609522,1686,1656,1687,1748,1657,1669,1670,1682,1652,1694,1665,1694,1673,1669
1665,44.625045,1686,1656,1687,1748,1657,1669,1657,1682,1652,1694,1665,1694,1673,1669
1665,44.716958,1686,1656,1687,1748,1657,1669,1657,1673,1652,1694,1665,1694,1673,1669
1665,44.864278,1686,1656,1687,1748,1657,1668,1657,1673,1652,1694,1665,1694,1673,1669
1665,44.877637,1686,1656,1687,1748,1657,1668,1657,1665,1652,1694,1665,1694,1673,1669
1665,44.993569,1686,1656,1687,1748,1657,1668,1657,1665,1652,1694,1664,1694,1673,1669
1665,45.126137,1686,1656,1687,1748,1657,1668,1657,1665,1644,1694,1664,1694,1673,1669
1665,45.193544,1686,1656,1687,1748,1657,1668,1648,1665,1644,1694,1664,1694,1673,1669
1656,45.470831,1686,1656,1687,1748,1657,1668,1648,1665,1644,1694,1664,1694,1673,1669
1656,45.496113,1686,1656,1687,1748,1657,1668,1648,1665,1644,1694,1664,1694,1668,1669
1656,45.573929,1686,1656,1687,1747,1657,1668,1648,1665,1644,1694,1664,1694,1668,1669
1656,45.867469,1686,1656,1687,1738,1657,1668,1648,1665,1644,1694,1664,1694,1668,1669
1656,45.893186,1686,1656,1687,1738,1657,1668,1648,1665,1644,1694,1664,1692,1668,1669
1656,46.350296,1686,1656,1687,1738,1657,1668,1648,1665,1644,1692,1664,1692,1668,1669
1656,46.571786,1684,1656,1687,1738,1657,1668,1648,1665,1644,1692,1664,1692,1668,1669
1656,46.847764,1684,1656,1687,1738,1657,1668,1648,1665,1644,1692,1664,1691,1668,1669
1656,46.92231,1684,1656,1687,1738,1657,1668,1648,1665,1644,1692,1658,1691,1668,1669
1655,47.119114,1684,1656,1687,1738,1657,1668,1648,1665,1644,1692,1658,1691,1668,1669
1655,47.225494,1684,1656,1687,1738,1657,1668,1648,1665,1644,1692,1658,1691,1667,1669
1655,47.361122,1684,1656,1687,1738,1657,1668,1645,1665,1644,1692,1658,1691,1667,1669
1655,47.45624,1684,1656,1687,1738,1656,1668,1645,1665,1644,1692,1658,1691,1667,1669
1655,47.683041,1684,1656,1687,1738,1656,1668,1645,1665,1643,1692,1658,1691,1667,1669
1655,47.69042,1683,1656,1687,1738,1656,1668,1645,1665,1643,1692,1658,1691,1667,1669
1655,47.693735,1683,1656,1676,1738,1656,1668,1645,1665,1643,1692,1658,1691,1667,1669
1655,47.945389,1683,1656,1676,1738,1656,1668,1645,1665,1632,1692,1658,1691,1667,1669
1655,48.148555,1683,1656,1676,1738,1656,1668,1644,1665,1632,1692,1658,1691,1667,1669
1649,48.552998,1683,1656,1676,1738,1656,1668,1644,1665,1632,1692,1658,1691,1667,1669
1649,48.837934,1682,1656,1676,1738,1656,1668,1644,1665,1632,1692,1658,1691,1667,1669
1649,48.929069,1682,1656,1672,1738,1656,1668,1644,1665,1632,1692,1658,1691,1667,1669
1649,49.382213,1682,1656,1672,1738,1656,1668,1644,1665,1632,1689,1658,1691,1667,1669
1649,49.440363,1682,1656,1672,1738,1656,1668,1643,1665,1632,1689,1658,1691,1667,1669
1645,49.786626,1682,1656,1672,1738,1656,1668,1643,1665,1632,1689,1658,1691,1667,1669
1645,49.887205,1682,1656,1672,1738,1656,1668,1643,1665,1625,1689,1658,1691,1667,1669
1645,50.039593,1682,1656,1672,1738,1656,1668,1643,1665,1625,1683,1658,1691,1667,1669
1645,50.129744,1682,1656,1672,1738,1656,1668,1641,1665,1625,1683,1658,1691,1667,1669
1645,50.254735,1682,1656,1672,1738,1656,1668,1641,1665,1625,1683,1658,1691,1664,1669
1645,50.509061,1682,1656,1672,1738,1656,1668,1641,1665,1625,1683,1649,1691,1664,1669
1645,50.518669,1682,1656,1672,1730,1656,1668,1641,1665,1625,1683,1649,1691,1664,1669
1645,50.755841,1682,1656,1672,1729,1656,1668,1641,1665,1625,1683,1649,1691,1664,1669
1645,50.824122,1682,1654,1672,1729,1656,1668,1641,1665,1625,1683,1649,1691,1664,1669
1645,50.936381,1682,1654,1671,1729,1656,1668,1641,1665,1625,1683,1649,1691,1664,1669
1645,51.147064,1682,1654,1671,1729,1656,1668,1639,1665,1625,1683,1649,1691,1664,1669
1644,51.382708,1682,1654,1671,1729,1656,1668,1639,1665,1625,1683,1649,1691,1664,1669
1644,51.396716,1682,1654,1671,1729,1656,1668,1637,1665,1625,1683,1649,1691,1664,1669
1644,51.409235,1682,1654,1671,1729,1656,1668,1637,1665,1625,1683,1649,1689,1664,1669
1644,51.622216,1682,1654,1671,1729,1656,1668,1637,1664,1625,1683,1649,1689,1664,1669
1644,51.847355,1682,1654,1671,1729,1651,1668,1637,1664,1625,1683,1649,1689,1664,1669
1644,51.909345,1682,1654,1671,1729,1651,1668,1637,1664,1625,1683,1648,1689,1664,1669
1644,52.295185,1682,1654,1671,1728,1651,1668,1637,1664,1625,1683,1648,1689,1664,1669
1644,52.405585,1682,1652,1671,1728,1651,1668,1637,1664,1625,1683,1648,1689,1664,1669
1644,52.498169,1682,1652,1671,1728,1651,1668,1637,1664,1625,1683,1648,1689,1662,1669
1644,53.009064,1682,1651,1671,1728,1651,1668,1637,1664,1625,1683,1648,1689,1662,1669
1644,53.583195,1682,1651,1671,1728,1645,1668,1637,1664,1625,1683,1648,1689,1662,1669
1644,53.719124,1682,1651,1670,1728,1645,1668,1637,1664,1625,1683,1648,1689,1662,1669
1644,53.814414,1682,1651,1670,1728,1645,1668,1637,1664,1615,1683,1648,1689,1662,1669
1644,53.948013,1682,1651,1670,1727,1645,1668,1637,1664,1615,1683,1648,1689,1662,1669
1644,54.081038,1682,1651,1670,1727,1645,1668,1637,1664,1615,1683,1648,1689,1658,1669
1644,54.128361,1682,1651,1667,1727,1645,1668,1637,1664,1615,1683,1648,1689,1658,1669
1644,54.177118,1682,1651,1667,1727,1645,1668,1637,1664,1615,1683,1648,1689,1655,1669
1644,54.465155,1682,1651,1667,1727,1645,1668,1637,1656,1615,1683,1648,1689,1655,1669
1644,54.513832,1682,1651,1667,1727,1645,1668,1637,1656,1615,1683,1647,1689,1655,1669
1644,55.241293,1682,1651,1667,1727,1645,1668,1637,1656,1615,1683,1647,1689,1649,1669
1644,55.358878,1682,1651,1667,1727,1645,1668,1637,1656,1612,1683,1647,1689,1649,1669
1644,55.446563,1682,1651,1667,1727,1645,1668,1637,1656,1612,1683,1647,1678,1649,1669
1644,55.500643,1682,1651,1666,1727,1645,1668,1637,1656,1612,1683,1647,1678,1649,1669
1644,55.898541,1682,1651,1666,1727,1645,1668,1636,1656,1612,1683,1647,1678,1649,1669
1644,56.365741,1682,1651,1666,1727,1645,1668,1636,1656,1612,1683,1647,1677,1649,1669
1644,56.679873,1682,1651,1666,1727,1645,1668,1636,1656,1612,1683,1647,1677,1649,1667
1644,56.695485,1673,1651,1666,1727,1645,1668,1636,1656,1612,1683,1647,1677,1649,1667
1644,56.832407,1673,1651,1666,1727,1645,1668,1636,1656,1612,1683,1647,1677,1649,1666
1644,57.001812,1673,1651,1662,1727,1645,1668,1636,1656,1612,1683,1647,1677,1649,1666
1644,57.205976,1673,1645,1662,1727,1645,1668,1636,1656,1612,1683,1647,1677,1649,1666
1644,57.350194,1673,1645,1662,1727,1645,1668,1636,1656,1612,1683,1647,1677,1648,1666
1644,57.392937,1673,1645,1662,1727,1645,1668,1636,1656,1612,1682,1647,1677,1648,1666
1644,57.438066,1673,1645,1662,1727,1645,1668,1636,1656,1610,1682,1647,1677,1648,1666
1644,57.799063,1673,1645,1662,1727,1645,1668,1636,1655,1610,1682,1647,1677,1648,1666
1644,57.864737,1673,1645,1662,1727,1645,1668,1636,1654,1610,1682,1647,1677,1648,1666
1644,58.0043,1673,1645,1661,1727,1645,1668,1636,1654,1610,1682,1647,1677,1648,1666
1644,58.133893,1673,1642,1661,1727,1645,1668,1636,1654,1610,1682,1647,1677,1648,1666
1644,58.306449,1673,1642,1661,1727,1636,1668,1636,1654,1610,1682,1647,1677,1648,1666
1644,58.953614,1673,1642,1661,1727,1636,1668,1636,1654,1610,1682,1647,1676,1648,1666
1644,59.229704,1673,1642,1661,1727,1636,1663,1636,1654,1610,1682,1647,1676,1648,1666
1644,59.474963,1673,1642,1661,1727,1636,1663,1636,1654,1610,1682,1647,1676,1647,1666
1644,59.851574,1673,1642,1661,1727,1636,1663,1636,1654,1610,1682,1647,1676,1645,1666
1644,60.183478,1673,1642,1661,1727,1635,1663,1636,1654,1610,1682,1647,1676,1645,1666
1644,60.338206,1673,1642,1661,1727,1635,1663,1636,1654,1610,1673,1647,1676,1645,1666
1644,60.444562,1673,1642,1661,1727,1635,1663,1636,1654,1610,1673,1647,1674,1645,1666
1644,60.491565,1673,1642,1661,1727,1633,1663,1636,1654,1610,1673,1647,1674,1645,1666
1644,60.499228,1673,1642,1661,1727,1633,1661,1636,1654,1610,1673,1647,1674,1645,1666
1644,61.29118,1673,1639,1661,1727,1633,1661,1636,1654,1610,1673,1647,1674,1645,1666
1644,61.589396,1673,1639,1661,1727,1633,1661,1636,1654,1610,1673,1647,1672,1645,1666
1644,61.88297,1673,1639,1661,1727,1631,1661,1636,1654,1610,1673,1647,1672,1645,1666
1644,61.915949,1673,1639,1661,1727,1631,1658,1636,1654,1610,1673,1647,1672,1645,1666
1644,62.041404,1673,1639,1661,1727,1631,1658,1636,1654,1609,1673,1647,1672,1645,1666
1644,62.057129,1673,1639,1661,1727,1631,1658,1636,1654,1609,1673,1647,1671,1645,1666
1644,62.114377,1673,1639,1661,1727,1631,1658,1636,1653,1609,1673,1647,1671,1645,1666
1642,62.193966,1673,1639,1661,1727,1631,1658,1636,1653,1609,1673,1647,1671,1645,1666
1642,62.195274,1672,1639,1661,1727,1631,1658,1636,1653,1609,1673,1647,1671,1645,1666
1642,62.381993,1672,1639,1661,1727,1631,1658,1636,1645,1609,1673,1647,1671,1645,1666
1642,62.430837,1672,1639,1661,1727,1631,1657,1636,1645,1609,1673,1647,1671,1645,1666
1642,62.60569,1672,1639,1661,1727,1631,1657,1636,1642,1609,1673,1647,1671,1645,1666
1642,62.64529,1672,1639,1661,1716,1631,1657,1636,1642,1609,1673,1647,1671,1645,1666
1642,62.688601,1665,1639,1661,1716,1631,1657,1636,1642,1609,1673,1647,1671,1645,1666
1642,62.800165,1665,1639,1661,1716,1631,1657,1636,1642,1609,1672,1647,1671,1645,1666
1642,63.091185,1665,1639,1661,1716,1631,1657,1636,1642,1609,1672,1647,1671,1640,1666
1642,63.263128,1665,1639,1661,1715,1631,1657,1636,1642,1609,1672,1647,1671,1640,1666
1642,63.630993,1665,1639,1661,1715,1631,1657,1636,1642,1609,1672,1643,1671,1640,1666
1642,63.734231,1665,1639,1661,1715,1631,1657,1636,1642,1609,1672,1643,1671,1638,1666
1642,63.751519,1665,1639,1661,1715,1631,1657,1636,1642,1609,1672,1643,1668,1638,1666
1633,63.828875,1665,1639,1661,1715,1631,1657,1636,1642,1609,1672,1643,1668,1638,1666
1633,63.913945,1665,1639,1661,1715,1631,1657,1636,1642,1609,1672,1643,1668,1628,1666
1633,64.004383,1665,1638,1661,1715,1631,1657,1636,1642,1609,1672,1643,1668,1628,1666
1633,64.027483,1665,1638,1661,1715,1631,1657,1636,1642,1609,1666,1643,1668,1628,1666
1633,64.234632,1665,1638,1652,1715,1631,1657,1636,1642,1609,1666,1643,1668,1628,1666
1633,64.339587,1665,1638,1652,1715,1631,1657,1636,1642,1609,1666,1643,1668,1628,1664
1633,64.601903,1665,1638,1652,1715,1631,1657,1628,1642,1609,1666,1643,1668,1628,1664
1633,64.685021,1665,1638,1652,1715,1631,1656,1628,1642,1609,1666,1643,1668,1628,1664
1633,64.725046,1665,1638,1652,1715,1631,1656,1628,1642,1609,1666,1643,1668,1628,1658
1633,64.822017,1665,1638,1652,1715,1631,1649,1628,1642,1609,1666,1643,1668,1628,1658
1633,64.925247,1665,1638,1652,1715,1631,1648,1628,1642,1609,1666,1643,1668,1628,1658
1630,65.342754,1665,1638,1652,1715,1631,1648,1628,1642,1609,1666,1643,1668,1628,1658
1630,65.468262,1665,1638,1652,1715,1631,1648,1628,1642,1609,1666,1643,1668,1628,1654
1630,66.05466,1665,1638,1651,1715,1631,1648,1628,1642,1609,1666,1643,1668,1628,1654
1630,66.058666,1665,1638,1651,1715,1629,1648,1628,1642,1609,1666,1643,1668,1628,1654
1630,66.185425,1661,1638,1651,1715,1629,1648,1628,1642,1609,1666,1643,1668,1628,1654
1630,66.326606,1661,1638,1651,1715,1629,1648,1628,1642,1609,1666,1643,1668,1627,1654
1629,66.836462,1661,1638,1651,1715,1629,1648,1628,1642,1609,1666,1643,1668,1627,1654
1629,66.97925,1661,1638,1651,1715,1629,1648,1628,1642,1609,1666,1643,1668,1626,1654
1629,67.005713,1661,1638,1651,1715,1629,1648,1625,1642,1609,1666,1643,1668,1626,1654
1629,67.032598,1661,1638,1651,1715,1628,1648,1625,1642,1609,1666,1643,1668,1626,1654
1629,67.055307,1661,1638,1651,1715,1628,1648,1625,1642,1609,1666,1642,1668,1626,1654
1628,67.233548,1661,1638,1651,1715,1628,1648,1625,1642,1609,1666,1642,1668,1626,1654
1628,67.481444,1661,1638,1651,1715,1628,1648,1625,1642,1609,1666,1638,1668,1626,1654
1628,67.839451,1652,1638,1651,1715,1628,1648,1625,1642,1609,1666,1638,1668,1626,1654
1628,67.848045,1652,1637,1651,1715,1628,1648,1625,1642,1609,1666,1638,1668,1626,1654
1628,67.928236,1652,1637,1651,1715,1628,1648,1625,1642,1609,1663,1638,1668,1626,1654
1628,68.27545,1652,1635,1651,1715,1628,1648,1625,1642,1609,1663,1638,1668,1626,1654
1628,68.285734,1652,1635,1651,1715,1628,1648,1625,1642,1609,1663,1638,1667,1626,1654
1628,68.376325,1652,1633,1651,1715,1628,1648,1625,1642,1609,1663,1638,1667,1626,1654
1628,68.467292,1652,1633,1651,1715,1628,1648,1625,1642,1607,1663,1638,1667,1626,1654
1628,68.686187,1652,1633,1651,1715,1628,1644,1625,1642,1607,1663,1638,1667,1626,1654
1628,68.726709,1652,1633,1651,1715,1628,1644,1625,1642,1605,1663,1638,1667,1626,1654
1628,68.879657,1651,1633,1651,1715,1628,1644,1625,1642,1605,1663,1638,1667,1626,1654
1624,69.195591,1651,1633,1651,1715,1628,1644,1625,1642,1605,1663,1638,1667,1626,1654
1622,69.226447,1651,1633,1651,1715,1628,1644,1625,1642,1605,1663,1638,1667,1626,1654
1622,69.422875,1651,1633,1651,1715,1628,1644,1623,1642,1605,1663,1638,1667,1626,1654
1622,70.112137,1651,1633,1651,1715,1628,1644,1623,1642,1605,1663,1638,1667,1624,1654
1622,70.185162,1651,1633,1651,1715,1626,1644,1623,1642,1605,1663,1638,1667,1624,1654
1622,70.325601,1651,1633,1651,1715,1626,1644,1622,1642,1605,1663,1638,1667,1624,1654
1622,70.507842,1651,1633,1651,1715,1626,1644,1622,1642,1605,1662,1638,1667,1624,1654
1622,70.891679,1651,1625,1651,1715,1626,1644,1622,1642,1605,1662,1638,1667,1624,1654
1622,71.039086,1651,1625,1651,1715,1626,1644,1622,1642,1605,1653,1638,1667,1624,1654
1622,71.137156,1650,1625,1651,1715,1626,1644,1622,1642,1605,1653,1638,1667,1624,1654
1622,71.156095,1650,1625,1651,1715,1626,1644,1622,1642,1605,1653,1634,1667,1624,1654
1622,72.296646,1650,1625,1651,1715,1626,1644,1622,1639,1605,1653,1634,1667,1624,1654
1622,72.518856,1650,1625,1651,1715,1626,1644,1622,1639,1605,1653,1634,1667,1624,1653
1622,72.75819,1650,1625,1648,1715,1626,1644,1622,1639,1605,1653,1634,1667,1624,1653
1622,72.768219,1650,1625,1648,1715,1626,1644,1622,1639,1605,1653,1634,1667,1619,1653
1622,73.153748,1649,1625,1648,1715,1626,1644,1622,1639,1605,1653,1634,1667,1619,1653
1622,73.297689,1649,1625,1648,1715,1626,1640,1622,1639,1605,1653,1634,1667,1619,1653
1622,73.565051,1649,1625,1648,1715,1616,1640,1622,1639,1605,1653,1634,1667,1619,1653
1622,73.565881,1649,1625,1648,1715,1616,1640,1622,1639,1605,1652,1634,1667,1619,1653
1622,73.569778,1649,1625,1648,1715,1616,1640,1622,1639,1605,1652,1634,1667,1619,1643
1622,73.804435,1649,1625,1648,1715,1616,1640,1613,1639,1605,1652,1634,1667,1619,1643
1622,73.911173,1649,1625,1648,1715,1616,1640,1613,1638,1605,1652,1634,1667,1619,1643
1622,74.053781,1649,1625,1648,1715,1616,1640,1613,1638,1605,1652,1634,1667,1615,1643
1622,74.072229,1649,1625,1648,1715,1616,1639,1613,1638,1605,1652,1634,1667,1615,1643
1622,74.155512,1649,1625,1648,1715,1616,1639,1613,1638,1605,1652,1634,1667,1615,1641
1622,74.377645,1649,1624,1648,1715,1616,1639,1613,1638,1605,1652,1634,1667,1615,1641
1622,74.432568,1649,1624,1648,1715,1616,1639,1613,1638,1605,1652,1634,1666,1615,1641
1622,74.692712,1649,1624,1648,1715,1616,1639,1612,1638,1605,1652,1634,1666,1615,1641
1622,75.041612,1649,1624,1648,1715,1616,1639,1612,1638,1605,1652,1633,1666,1615,1641
1622,75.199414,1649,1624,1648,1715,1616,1639,1612,1638,1605,1652,1632,1666,1615,1641
1622,75.519459,1649,1624,1645,1715,1616,1639,1612,1638,1605,1652,1632,1666,1615,1641
1622,75.599844,1649,1624,1645,1715,1616,1639,1612,1638,1605,1652,1632,1665,1615,1641
1622,75.676735,1649,1624,1645,1715,1616,1639,1612,1638,1605,1652,1632,1659,1615,1641
1622,75.780807,1647,1624,1645,1715,1616,1639,1612,1638,1605,1652,1632,1659,1615,1641
1622,75.923046,1647,1624,1645,1715,1616,1639,1612,1638,1604,1652,1632,1659,1615,1641
1622,76.120632,1637,1624,1645,1715,1616,1639,1612,1638,1604,1652,1632,1659,1615,1641
1622,76.124083,1637,1622,1645,1715,1616,1639,1612,1638,1604,1652,1632,1659,1615,1641
1622,76.292732,1637,1622,1645,1715,1616,1639,1612,1638,1602,1652,1632,1659,1615,1641
1622,76.312167,1637,1622,1645,1715,1616,1639,1612,1638,1602,1652,1631,1659,1615,1641
1622,76.358259,1637,1622,1645,1715,1616,1639,1612,1638,1602,1643,1631,1659,1615,1641
1622,76.434221,1637,1620,1645,1715,1616,1639,1612,1638,1602,1643,1631,1659,1615,1641
1622,77.160758,1637,1620,1645,1715,1616,1639,1608,1638,1602,1643,1631,1659,1615,1641
1622,77.232026,1637,1620,1645,1715,1616,1639,1608,1638,1602,1643,1631,1658,1615,1641
1622,77.240709,1637,1620,1645,1715,1616,1639,1607,1638,1602,1643,1631,1658,1615,1641
1622,77.315894,1637,1620,1644,1715,1616,1639,1607,1638,1602,1643,1631,1658,1615,1641
1622,77.390818,1637,1620,1644,1715,1616,1639,1607,1638,1594,1643,1631,1658,1615,1641
1622,77.445015,1637,1620,1644,1715,1616,1639,1607,1638,1594,1643,1631,1658,1609,1641
1622,77.489906,1637,1620,1644,1715,1616,1639,1607,1638,1594,1643,1631,1651,1609,1641
1622,77.969563,1637,1620,1644,1715,1616,1639,1607,1638,1593,1643,1631,1651,1609,1641
1622,78.484373,1637,1620,1644,1715,1616,1639,1607,1638,1593,1643,1630,1651,1609,1641
1622,78.632182,1637,1620,1644,1714,1616,1639,1607,1638,1593,1643,1630,1651,1609,1641
1622,78.727354,1637,1619,1644,1714,1616,1639,1607,1638,1593,1643,1630,1651,1609,1641
1622,78.911291,1637,1619,1644,1714,1616,1639,1607,1637,1593,1643,1630,1651,1609,1641
1622,79.001144,1637,1619,1644,1714,1616,1639,1607,1637,1593,1643,1629,1651,1609,1641
1622,79.236117,1637,1618,1644,1714,1616,1639,1607,1637,1593,1643,1629,1651,1609,1641
1622,79.292561,1637,1618,1644,1714,1616,1639,1607,1637,1593,1643,1629,1648,1609,1641
1622,79.509179,1636,1618,1644,1714,1616,1639,1607,1637,1593,1643,1629,1648,1609,1641
1622,79.581233,1636,1612,1644,1714,1616,1639,1607,1637,1593,1643,1629,1648,1609,1641
1622,79.939677,1636,1612,1644,1714,1616,1639,1605,1637,1593,1643,1629,1648,1609,1641
1622,80.164825,1636,1612,1644,1714,1616,1639,1605,1637,1593,1643,1628,1648,1609,1641
1622,80.507649,1636,1611,1644,1714,1616,1639,1605,1637,1593,1643,1628,1648,1609,1641
1622,80.536794,1636,1611,1644,1714,1616,1639,1605,1637,1584,1643,1628,1648,1609,1641
1622,81.004323,1636,1611,1644,1714,1616,1639,1605,1637,1584,1643,1628,1648,1605,1641
1622,81.134067,1626,1611,1644,1714,1616,1639,1605,1637,1584,1643,1628,1648,1605,1641
1622,81.333053,1626,1611,1644,1714,1616,1639,1605,1637,1584,1643,1628,1648,1605,1635
1622,81.344122,1626,1611,1644,1714,1611,1639,1605,1637,1584,1643,1628,1648,1605,1635
1622,81.584091,1626,1611,1644,1714,1611,1638,1605,1637,1584,1643,1628,1648,1605,1635
1622,81.674135,1626,1611,1644,1714,1611,1638,1605,1637,1584,1643,1617,1648,1605,1635
1620,81.685009,1626,1611,1644,1714,1611,1638,1605,1637,1584,1643,1617,1648,1605,1635
1620,81.713593,1626,1611,1644,1714,1611,1638,1605,1637,1584,1643,1617,1648,1600,1635
1620,81.800158,1626,1611,1644,1714,1611,1637,1605,1637,1584,1643,1617,1648,1600,1635
1620,82.037578,1626,1609,1644,1714,1611,1637,1605,1637,1584,1643,1617,1648,1600,1635
1620,82.237921,1625,1609,1644,1714,1611,1637,1605,1637,1584,1643,1617,1648,1600,1635
1620,82.444678,1625,1609,1644,1712,1611,1637,1605,1637,1584,1643,1617,1648,1600,1635
1620,82.671033,1625,1609,1644,1712,1611,1637,1605,1637,1584,1643,1617,1635,1600,1635
1620,83.014602,1625,1609,1644,1712,1610,1637,1605,1637,1584,1643,1617,1635,1600,1635
1620,83.080499,1625,1609,1644,1712,1608,1637,1605,1637,1584,1643,1617,1635,1600,1635
1620,83.213889,1625,1609,1643,1712,1608,1637,1605,1637,1584,1643,1617,1635,1600,1635
1620,83.388463,1625,1609,1643,1712,1608,1637,1605,1629,1584,1643,1617,1635,1600,1635
1620,83.556471,1625,1609,1643,1711,1608,1637,1605,1629,1584,1643,1617,1635,1600,1635
1620,83.696054,1625,1609,1643,1711,1608,1637,1605,1629,1584,1642,1617,1635,1600,1635
1620,83.797542,1623,1609,1643,1711,1608,1637,1605,1629,1584,1642,1617,1635,1600,1635
1620,83.816035,1623,1609,1643,1711,1608,1637,1603,1629,1584,1642,1617,1635,1600,1635
1620,84.154529,1622,1609,1643,1711,1608,1637,1603,1629,1584,1642,1617,1635,1600,1635
1620,84.248909,1622,1609,1643,1711,1608,1637,1603,1629,1582,1642,1617,1635,1600,1635
1620,84.295969,1622,1609,1643,1711,1608,1634,1603,1629,1582,1642,1617,1635,1600,1635
1620,84.760148,1622,1609,1643,1711,1605,1634,1603,1629,1582,1642,1617,1635,1600,1635
1620,84.797004,1622,1609,1643,1711,1605,1634,1603,1629,1582,1642,1617,1635,1600,1626
1620,85.26116,1622,1609,1643,1711,1605,1634,1603,1629,1582,1642,1617,1635,1600,1625
1620,85.455151,1622,1609,1643,1711,1605,1625,1603,1629,1582,1642,1617,1635,1600,1625
1620,85.497352,1622,1609,1643,1711,1605,1625,1603,1629,1582,1642,1616,1635,1600,1625
1620,85.559931,1622,1609,1643,1711,1605,1625,1603,1629,1581,1642,1616,1635,1600,1625
1620,85.845125,1622,1609,1641,1711,1605,1625,1603,1629,1581,1642,1616,1635,1600,1625
1620,85.915139,1613,1609,1641,1711,1605,1625,1603,1629,1581,1642,1616,1635,1600,1625
1620,85.958512,1613,1609,1641,1711,1605,1625,1603,1628,1581,1642,1616,1635,1600,1625
1620,86.092264,1613,1609,1641,1711,1605,1625,1603,1628,1581,1642,1615,1635,1600,1625
1620,86.192521,1613,1609,1641,1711,1596,1625,1603,1628,1581,1642,1615,1635,1600,1625
1620,86.35972,1613,1609,1641,1711,1596,1625,1603,1627,1581,1642,1615,1635,1600,1625
1619,86.483765,1613,1609,1641,1711,1596,1625,1603,1627,1581,1642,1615,1635,1600,1625
1619,86.484974,1613,1609,1641,1711,1590,1625,1603,1627,1581,1642,1615,1635,1600,1625
1619,86.557181,1613,1609,1641,1711,1590,1625,1603,1627,1581,1642,1615,1635,1599,1625
1619,86.620177,1613,1609,1641,1711,1590,1625,1603,1627,1581,1642,1615,1634,1599,1625
1619,86.714647,1613,1609,1641,1711,1590,1625,1603,1625,1581,1642,1615,1634,1599,1625
1619,86.891071,1613,1609,1636,1711,1590,1625,1603,1625,1581,1642,1615,1634,1599,1625
1615,87.273854,1613,1609,1636,1711,1590,1625,1603,1625,1581,1642,1615,1634,1599,1625
1615,87.27844,1613,1609,1636,1711,1590,1625,1603,1625,1581,1639,1615,1634,1599,1625
1615,87.331944,1613,1609,1636,1711,1590,1625,1601,1625,1581,1639,1615,1634,1599,1625
1615,87.502688,1613,1609,1636,1703,1590,1625,1601,1625,1581,1639,1615,1634,1599,1625
1615,87.663741,1613,1605,1636,1703,1590,1625,1601,1625,1581,1639,1615,1634,1599,1625
1615,88.333336,1613,1605,1636,1703,1590,1625,1601,1625,1581,1639,1614,1634,1599,1625
1615,88.333737,1613,1605,1636,1703,1590,1625,1597,1625,1581,1639,1614,1634,1599,1625
1615,88.396191,1613,1605,1636,1703,1590,1624,1597,1625,1581,1639,1614,1634,1599,1625
1615,88.504054,1611,1605,1636,1703,1590,1624,1597,1625,1581,1639,1614,1634,1599,1625
1615,88.955542,1611,1605,1636,1702,1590,1624,1597,1625,1581,1639,1614,1634,1599,1625
1615,89.012567,1611,1604,1636,1702,1590,1624,1597,1625,1581,1639,1614,1634,1599,1625
1615,89.060305,1611,1601,1636,1702,1590,1624,1597,1625,1581,1639,1614,1634,1599,1625
1615,89.577004,1611,1601,1636,1695,1590,1624,1597,1625,1581,1639,1614,1634,1599,1625
1615,90.34279,1611,1601,1636,1695,1590,1624,1597,1625,1581,1637,1614,1634,1599,1625
1615,90.530175,1611,1601,1636,1694,1590,1624,1597,1625,1581,1637,1614,1634,1599,1625
1615,90.534412,1611,1601,1636,1694,1589,1624,1597,1625,1581,1637,1614,1634,1599,1625
1615,90.534708,1611,1601,1636,1694,1589,1624,1597,1625,1581,1637,1614,1634,1594,1625
1615,90.597618,1611,1601,1636,1694,1589,1624,1597,1625,1581,1637,1614,1631,1594,1625
1615,90.599424,1611,1601,1636,1694,1589,1624,1597,1624,1581,1637,1614,1631,1594,1625
1615,90.746361,1611,1601,1636,1694,1589,1624,1597,1624,1581,1637,1614,1620,1594,1625
1615,91.055676,1611,1601,1636,1694,1589,1624,1597,1624,1581,1637,1614,1612,1594,1625
1615,91.175512,1611,1601,1632,1694,1589,1624,1597,1624,1581,1637,1614,1612,1594,1625
1614,91.354313,1611,1601,1632,1694,1589,1624,1597,1624,1581,1637,1614,1612,1594,1625
1614,91.364973,1611,1601,1626,1694,1589,1624,1597,1624,1581,1637,1614,1612,1594,1625
1614,91.439932,1611,1601,1626,1693,1589,1624,1597,1624,1581,1637,1614,1612,1594,1625
1614,91.501692,1611,1601,1626,1693,1589,1624,1597,1624,1581,1637,1614,1612,1581,1625
1614,91.909304,1611,1601,1626,1693,1589,1624,1597,1621,1581,1637,1614,1612,1581,1625
1614,91.959429,1611,1601,1626,1693,1589,1621,1597,1621,1581,1637,1614,1612,1581,1625
1614,92.175205,1611,1601,1626,1693,1589,1621,1597,1621,1580,1637,1614,1612,1581,1625
1614,92.179434,1611,1601,1626,1684,1589,1621,1597,1621,1580,1637,1614,1612,1581,1625
1614,92.541565,1605,1601,1626,1684,1589,1621,1597,1621,1580,1637,1614,1612,1581,1625
1614,92.908696,1605,1601,1626,1684,1589,1621,1597,1621,1580,1637,1614,1611,1581,1625
1614,93.00191,1605,1601,1626,1684,1589,1621,1596,1621,1580,1637,1614,1611,1581,1625
1614,93.610397,1605,1601,1626,1684,1589,1621,1596,1621,1572,1637,1614,1611,1581,1625
1608,93.612871,1605,1601,1626,1684,1589,1621,1596,1621,1572,1637,1614,1611,1581,1625
1608,94.053843,1605,1601,1626,1684,1589,1621,1596,1621,1571,1637,1614,1611,1581,1625
1608,94.158945,1605,1601,1626,1684,1589,1621,1596,1621,1571,1637,1614,1611,1572,1625
1608,94.18718,1605,1601,1626,1684,1589,1621,1596,1621,1571,1637,1614,1609,1572,1625
1608,94.312057,1605,1601,1626,1684,1589,1621,1596,1621,1571,1637,1610,1609,1572,1625
1608,94.47622,1605,1587,1626,1684,1589,1621,1596,1621,1571,1637,1610,1609,1572,1625
1608,94.600173,1605,1587,1626,1684,1589,1621,1596,1621,1571,1637,1590,1609,1572,1625
1607,94.892117,1605,1587,1626,1684,1589,1621,1596,1621,1571,1637,1590,1609,1572,1625
1607,94.938198,1605,1587,1626,1684,1589,1621,1596,1621,1571,1637,1590,1609,1572,1624
1607,153.195255,1605,1587,1626,1684,1589,1615,1596,1621,1571,1637,1590,1609,1572,1624
1607,153.299696,1605,1587,1626,1684,1589,1615,1596,1621,1571,1637,1590,1608,1572,1624
1607,154.006072,1605,1587,1626,1684,1589,1612,1596,1621,1571,1637,1590,1608,1572,1624
1607,156.731391,1605,1587,1626,1684,1589,1612,1596,1621,1571,1637,1590,1605,1572,1624
1607,158.864259,1605,1587,1626,1684,1589,1612,1596,1621,1571,1637,1590,1604,1572,1624
1607,159.289284,1605,1587,1625,1684,1589,1612,1596,1621,1571,1637,1590,1604,1572,1624
1607,159.899417,1605,1587,1625,1684,1589,1603,1596,1621,1571,1637,1590,1604,1572,1624
1607,160.181434,1605,1587,1625,1683,1589,1603,1596,1621,1571,1637,1590,1604,1572,1624
1607,160.273698,1605,1587,1625,1683,1589,1599,1596,1621,1571,1637,1590,1604,1572,1624
1607,162.3428,1605,1587,1624,1683,1589,1599,1596,1621,1571,1637,1590,1604,1572,1624
1607,162.912272,1605,1587,1620,1683,1589,1599,1596,1621,1571,1637,1590,1604,1572,1624
1607,163.232872,1605,1587,1620,1682,1589,1599,1596,1621,1571,1637,1590,1604,1572,1624
1607,164.49219,1605,1587,1620,1682,1589,1599,1596,1621,1571,1637,1590,1603,1572,1624
1607,164.826974,1605,1587,1620,1682,1589,1598,1596,1621,1571,1637,1590,1603,1572,1624
1607,165.483939,1605,1587,1620,1672,1589,1598,1596,1621,1571,1637,1590,1603,1572,1624
1607,165.813753,1605,1587,1620,1672,1589,1598,1596,1618,1571,1637,1590,1603,1572,1624
1607,165.94465,1605,1587,1615,1672,1589,1598,1596,1618,1571,1637,1590,1603,1572,1624
1607,166.074697,1605,1587,1615,1669,1589,1598,1596,1618,1571,1637,1590,1603,1572,1624
1607,166.807669,1605,1587,1615,1669,1589,1596,1596,1618,1571,1637,1590,1603,1572,1624
1607,168.126882,1605,1587,1615,1667,1589,1596,1596,1618,1571,1637,1590,1603,1572,1624
1607,168.465102,1605,1587,1613,1667,1589,1596,1596,1618,1571,1637,1590,1603,1572,1624
1607,168.514445,1605,1587,1613,1667,1589,1596,1596,1617,1571,1637,1590,1603,1572,1624
1607,169.278028,1605,1587,1613,1667,1589,1596,1596,1602,1571,1637,1590,1603,1572,1624
1607,169.720631,1605,1587,1613,1667,1589,1596,1596,1601,1571,1637,1590,1603,1572,1624
1607,169.944241,1605,1587,1613,1667,1589,1596,1596,1598,1571,1637,1590,1603,1572,1624
1607,171.394583,1605,1587,1612,1667,1589,1596,1596,1598,1571,1637,1590,1603,1572,1624
1607,172.373575,1605,1587,1612,1667,1589,1596,1596,1598,1571,1637,1590,1602,1572,1624
1607,172.388825,1605,1587,1612,1666,1589,1596,1596,1598,1571,1637,1590,1602,1572,1624
1607,172.453841,1605,1587,1611,1666,1589,1596,1596,1598,1571,1637,1590,1602,1572,1624
1607,173.046091,1605,1587,1608,1666,1589,1596,1596,1598,1571,1637,1590,1602,1572,1624
1607,173.09007,1605,1587,1608,1666,1589,1596,1596,1598,1571,1637,1590,1601,1572,1624
1607,173.81305,1605,1587,1602,1666,1589,1596,1596,1598,1571,1637,1590,1601,1572,1624
1607,174.067735,1605,1587,1602,1666,1589,1595,1596,1598,1571,1637,1590,1601,1572,1624
1607,174.433303,1605,1587,1601,1666,1589,1595,1596,1598,1571,1637,1590,1601,1572,1624
1607,176.541521,1605,1587,1601,1666,1589,1595,1596,1598,1571,1637,1590,1596,1572,1624
1607,177.604147,1605,1587,1601,1664,1589,1595,1596,1598,1571,1637,1590,1596,1572,1624
1607,178.042915,1605,1587,1601,1664,1589,1593,1596,1598,1571,1637,1590,1596,1572,1624
1607,178.205711,1605,1587,1601,1664,1589,1585,1596,1598,1571,1637,1590,1596,1572,1624
1607,179.628836,1605,1587,1601,1664,1589,1585,1596,1598,1571,1637,1590,1594,1572,1624
1607,179.874747,1605,1587,1601,1658,1589,1585,1596,1598,1571,1637,1590,1594,1572,1624
1607,180.987149,1605,1587,1601,1658,1589,1585,1596,1598,1571,1637,1590,1593,1572,1624
1607,182.200092,1605,1587,1601,1658,1589,1585,1596,1598,1571,1637,1590,1585,1572,1624
1607,182.69918,1605,1587,1601,1658,1589,1585,1596,1596,1571,1637,1590,1585,1572,1624
1607,183.413412,1605,1587,1600,1658,1589,1585,1596,1596,1571,1637,1590,1585,1572,1624
1607,184.170687,1605,1587,1600,1658,1589,1585,1596,1596,1571,1637,1590,1580,1572,1624
1607,184.176707,1605,1587,1600,1658,1589,1585,1596,1596,1571,1637,1590,1579,1572,1624
1607,185.595015,1605,1587,1600,1658,1589,1585,1596,1595,1571,1637,1590,1579,1572,1624
1607,186.56759,1605,1587,1600,1649,1589,1585,1596,1595,1571,1637,1590,1579,1572,1624
1607,186.610199,1605,1587,1599,1649,1589,1585,1596,1595,1571,1637,1590,1579,1572,1624
1607,186.638358,1605,1587,1599,1649,1589,1585,1596,1595,1571,1637,1590,1578,1572,1624
1607,186.942975,1605,1587,1598,1649,1589,1585,1596,1595,1571,1637,1590,1578,1572,1624
1607,187.111098,1605,1587,1598,1648,1589,1585,1596,1595,1571,1637,1590,1578,1572,1624
1607,188.215639,1605,1587,1598,1648,1589,1585,1596,1595,1571,1637,1590,1577,1572,1624
1607,189.631421,1605,1587,1598,1648,1589,1585,1596,1595,1571,1637,1590,1576,1572,1624
1607,249.645721,1605,1587,1598,1645,1589,1585,1596,1595,1571,1637,1590,1576,1572,1624
1607,250.079863,1605,1587,1598,1636,1589,1585,1596,1595,1571,1637,1590,1576,1572,1624
1607,252.583802,1605,1587,1598,1634,1589,1585,1596,1595,1571,1637,1590,1576,1572,1624
1607,252.768311,1605,1587,1598,1630,1589,1585,1596,1595,1571,1637,1590,1576,1572,1624
1607,254.592368,1605,1587,1598,1628,1589,1585,1596,1595,1571,1637,1590,1576,1572,1624
1607,257.245067,1605,1587,1598,1624,1589,1585,1596,1595,1571,1637,1590,1576,1572,1624
1607,259.552458,1605,1587,1598,1615,1589,1585,1596,1595,1571,1637,1590,1576,1572,1624
1607,267.386806,1605,1587,1598,1614,1589,1585,1596,1595,1571,1637,1590,1576,1572,1624
1607,268.306688,1605,1587,1598,1614,1589,1585,1596,1595,1571,1637,1590,1576,1572,1619
1607,269.280709,1605,1587,1598,1611,1589,1585,1596,1595,1571,1637,1590,1576,1572,1619
1607,270.102804,1605,1587,1598,1609,1589,1585,1596,1595,1571,1637,1590,1576,1572,1619
1607,270.769604,1605,1587,1598,1608,1589,1585,1596,1595,1571,1637,1590,1576,1572,1619
1607,272.317747,1605,1587,1598,1608,1589,1585,1596,1595,1571,1637,1590,1576,1572,1614
1607,274.798752,1605,1587,1598,1605,1589,1585,1596,1595,1571,1637,1590,1576,1572,1614
1607,280.824443,1605,1587,1597,1605,1589,1585,1596,1595,1571,1637,1590,1576,1572,1614
1607,283.107228,1605,1587,1596,1605,1589,1585,1596,1595,1571,1637,1590,1576,1572,1614
1607,283.979027,1605,1587,1596,1605,1589,1585,1596,1595,1571,1632,1590,1576,1572,1614
1607,284.564683,1605,1587,1596,1605,1589,1585,1596,1595,1571,1632,1590,1576,1572,1613
1607,285.031098,1605,1587,1596,1605,1589,1585,1596,1595,1571,1632,1590,1576,1572,1612
1607,285.070348,1605,1587,1596,1605,1589,1585,1596,1589,1571,1632,1590,1576,1572,1612
1607,300,1605,1587,1596,1605,1589,1585,1596,1589,1571,1632,1590,1576,1572,1612
