"","Problem","Solution.Length","Worse.Rate","Parametr.changed","n","min_temperature","max_temperature","probability_of_shuffle","probability_of_heuristic","a","b","duration_of_execution_in_seconds","k","max_length_percent_of_cycle","swap_states_probability","closeness","cooling_rate"
"1","p43",5674,0.951709552344028,"n",5,0.1,100,0.5,0.5,1,1,2,10,0.2,0.1,1.5,0.9
"2","ry48p",16367,11.8836683570599,"n",5,0.1,100,0.5,0.5,1,1,2,10,0.2,0.1,1.5,0.9
"3","ftv44",2003,19.4707938092861,"n",5,0.1,100,0.5,0.5,1,1,2,10,0.2,0.1,1.5,0.9
"4","ftv64",2486,26.0257441673371,"n",5,0.1,100,0.5,0.5,1,1,2,10,0.2,0.1,1.5,0.9
"5","ftv33",1480,13.1081081081081,"n",5,0.1,100,0.5,0.5,1,1,2,10,0.2,0.1,1.5,0.9
"6","kro124p",46111,21.4287263342803,"n",5,0.1,100,0.5,0.5,1,1,2,10,0.2,0.1,1.5,0.9
"7","ftv38",1664,8.05288461538461,"n",5,0.1,100,0.5,0.5,1,1,2,10,0.2,0.1,1.5,0.9
"8","ftv55",1883,14.6043547530536,"n",5,0.1,100,0.5,0.5,1,1,2,10,0.2,0.1,1.5,0.9
"9","ft53",9089,24.0290460996809,"n",5,0.1,100,0.5,0.5,1,1,2,10,0.2,0.1,1.5,0.9
"10","ftv35",1791,17.7554438860972,"n",5,0.1,100,0.5,0.5,1,1,2,10,0.2,0.1,1.5,0.9
"11","br17",39,0,"n",5,0.1,100,0.5,0.5,1,1,2,10,0.2,0.1,1.5,0.9
"12","rbg323",1727,23.2194557035321,"n",5,0.1,100,0.5,0.5,1,1,2,10,0.2,0.1,1.5,0.9
"13","rbg358",1790,35.0279329608939,"n",5,0.1,100,0.5,0.5,1,1,2,10,0.2,0.1,1.5,0.9
"14","rbg443",3909,30.4169864415452,"n",5,0.1,100,0.5,0.5,1,1,2,10,0.2,0.1,1.5,0.9
"15","rbg403",3476,29.0851553509781,"n",5,0.1,100,0.5,0.5,1,1,2,10,0.2,0.1,1.5,0.9
"16","ft70",42379,8.74489723683899,"n",5,0.1,100,0.5,0.5,1,1,2,10,0.2,0.1,1.5,0.9
"17","ftv170",3855,28.5343709468223,"n",5,0.1,100,0.5,0.5,1,1,2,10,0.2,0.1,1.5,0.9
"18","ftv47",2223,20.1079622132254,"n",5,0.1,100,0.5,0.5,1,1,2,10,0.2,0.1,1.5,0.9
"19","ftv70",2520,22.6190476190476,"n",5,0.1,100,0.5,0.5,1,1,2,10,0.2,0.1,1.5,0.9
"20","p43",5641,0.372274419429175,"n",10,0.1,100,0.5,0.5,1,1,2,10,0.2,0.1,1.5,0.9
"21","ry48p",16321,11.635316463452,"n",10,0.1,100,0.5,0.5,1,1,2,10,0.2,0.1,1.5,0.9
"22","ftv44",1891,14.7012162876785,"n",10,0.1,100,0.5,0.5,1,1,2,10,0.2,0.1,1.5,0.9
"23","ftv64",2476,25.7269789983845,"n",10,0.1,100,0.5,0.5,1,1,2,10,0.2,0.1,1.5,0.9
"24","ftv33",1499,14.209472981988,"n",10,0.1,100,0.5,0.5,1,1,2,10,0.2,0.1,1.5,0.9
"25","kro124p",46484,22.059203166681,"n",10,0.1,100,0.5,0.5,1,1,2,10,0.2,0.1,1.5,0.9
"26","ftv38",1662,7.94223826714801,"n",10,0.1,100,0.5,0.5,1,1,2,10,0.2,0.1,1.5,0.9
"27","ftv55",1944,17.2839506172839,"n",10,0.1,100,0.5,0.5,1,1,2,10,0.2,0.1,1.5,0.9
"28","ft53",9176,24.7493461203139,"n",10,0.1,100,0.5,0.5,1,1,2,10,0.2,0.1,1.5,0.9
"29","ftv35",1788,17.6174496644295,"n",10,0.1,100,0.5,0.5,1,1,2,10,0.2,0.1,1.5,0.9
"30","br17",39,0,"n",10,0.1,100,0.5,0.5,1,1,2,10,0.2,0.1,1.5,0.9
"31","rbg323",1732,23.4411085450346,"n",10,0.1,100,0.5,0.5,1,1,2,10,0.2,0.1,1.5,0.9
"32","rbg358",1794,35.1727982162765,"n",10,0.1,100,0.5,0.5,1,1,2,10,0.2,0.1,1.5,0.9
"33","rbg443",3833,29.0373075919645,"n",10,0.1,100,0.5,0.5,1,1,2,10,0.2,0.1,1.5,0.9
"34","rbg403",3496,29.4908466819222,"n",10,0.1,100,0.5,0.5,1,1,2,10,0.2,0.1,1.5,0.9
"35","ft70",42568,9.15006577710956,"n",10,0.1,100,0.5,0.5,1,1,2,10,0.2,0.1,1.5,0.9
"36","ftv170",3923,29.7731328065256,"n",10,0.1,100,0.5,0.5,1,1,2,10,0.2,0.1,1.5,0.9
"37","ftv47",2251,21.1017325633052,"n",10,0.1,100,0.5,0.5,1,1,2,10,0.2,0.1,1.5,0.9
"38","ftv70",2384,18.2046979865772,"n",10,0.1,100,0.5,0.5,1,1,2,10,0.2,0.1,1.5,0.9
"39","p43",5650,0.530973451327426,"n",15,0.1,100,0.5,0.5,1,1,2,10,0.2,0.1,1.5,0.9
"40","ry48p",16207,11.0137594866416,"n",15,0.1,100,0.5,0.5,1,1,2,10,0.2,0.1,1.5,0.9
"41","ftv44",1967,17.9969496695475,"n",15,0.1,100,0.5,0.5,1,1,2,10,0.2,0.1,1.5,0.9
"42","ftv64",2550,27.8823529411765,"n",15,0.1,100,0.5,0.5,1,1,2,10,0.2,0.1,1.5,0.9
"43","ftv33",1594,19.3224592220828,"n",15,0.1,100,0.5,0.5,1,1,2,10,0.2,0.1,1.5,0.9
"44","kro124p",46120,21.4440589765828,"n",15,0.1,100,0.5,0.5,1,1,2,10,0.2,0.1,1.5,0.9
"45","ftv38",1679,8.87432995830851,"n",15,0.1,100,0.5,0.5,1,1,2,10,0.2,0.1,1.5,0.9
"46","ftv55",1962,18.0428134556575,"n",15,0.1,100,0.5,0.5,1,1,2,10,0.2,0.1,1.5,0.9
"47","ft53",9066,23.8363114934922,"n",15,0.1,100,0.5,0.5,1,1,2,10,0.2,0.1,1.5,0.9
"48","ftv35",1654,10.9431680773882,"n",15,0.1,100,0.5,0.5,1,1,2,10,0.2,0.1,1.5,0.9
"49","br17",39,0,"n",15,0.1,100,0.5,0.5,1,1,2,10,0.2,0.1,1.5,0.9
"50","rbg323",1732,23.4411085450346,"n",15,0.1,100,0.5,0.5,1,1,2,10,0.2,0.1,1.5,0.9
"51","rbg358",1798,35.3170189098999,"n",15,0.1,100,0.5,0.5,1,1,2,10,0.2,0.1,1.5,0.9
"52","rbg443",3848,29.3139293139293,"n",15,0.1,100,0.5,0.5,1,1,2,10,0.2,0.1,1.5,0.9
"53","rbg403",3474,29.0443293033967,"n",15,0.1,100,0.5,0.5,1,1,2,10,0.2,0.1,1.5,0.9
"54","ft70",42583,9.18206796139305,"n",15,0.1,100,0.5,0.5,1,1,2,10,0.2,0.1,1.5,0.9
"55","ftv170",3811,27.709262660719,"n",15,0.1,100,0.5,0.5,1,1,2,10,0.2,0.1,1.5,0.9
"56","ftv47",2246,20.9260908281389,"n",15,0.1,100,0.5,0.5,1,1,2,10,0.2,0.1,1.5,0.9
"57","ftv70",2420,19.4214876033058,"n",15,0.1,100,0.5,0.5,1,1,2,10,0.2,0.1,1.5,0.9
"58","p43",5655,0.618921308576475,"probability_of_shuffle",10,0.1,100,0.3,0.5,1,1,2,10,0.2,0.1,1.5,0.9
"59","ry48p",16272,11.3692232055064,"probability_of_shuffle",10,0.1,100,0.3,0.5,1,1,2,10,0.2,0.1,1.5,0.9
"60","ftv44",2003,19.4707938092861,"probability_of_shuffle",10,0.1,100,0.3,0.5,1,1,2,10,0.2,0.1,1.5,0.9
"61","ftv64",2476,25.7269789983845,"probability_of_shuffle",10,0.1,100,0.3,0.5,1,1,2,10,0.2,0.1,1.5,0.9
"62","ftv33",1474,12.7544097693351,"probability_of_shuffle",10,0.1,100,0.3,0.5,1,1,2,10,0.2,0.1,1.5,0.9
"63","kro124p",46394,21.9080053455188,"probability_of_shuffle",10,0.1,100,0.3,0.5,1,1,2,10,0.2,0.1,1.5,0.9
"64","ftv38",1654,7.49697702539298,"probability_of_shuffle",10,0.1,100,0.3,0.5,1,1,2,10,0.2,0.1,1.5,0.9
"65","ftv55",1941,17.1561051004637,"probability_of_shuffle",10,0.1,100,0.3,0.5,1,1,2,10,0.2,0.1,1.5,0.9
"66","ft53",8519,18.9458856673318,"probability_of_shuffle",10,0.1,100,0.3,0.5,1,1,2,10,0.2,0.1,1.5,0.9
"67","ftv35",1788,17.6174496644295,"probability_of_shuffle",10,0.1,100,0.3,0.5,1,1,2,10,0.2,0.1,1.5,0.9
"68","br17",39,0,"probability_of_shuffle",10,0.1,100,0.3,0.5,1,1,2,10,0.2,0.1,1.5,0.9
"69","rbg323",1724,23.0858468677494,"probability_of_shuffle",10,0.1,100,0.3,0.5,1,1,2,10,0.2,0.1,1.5,0.9
"70","rbg358",1776,34.5157657657658,"probability_of_shuffle",10,0.1,100,0.3,0.5,1,1,2,10,0.2,0.1,1.5,0.9
"71","rbg443",3915,30.5236270753512,"probability_of_shuffle",10,0.1,100,0.3,0.5,1,1,2,10,0.2,0.1,1.5,0.9
"72","rbg403",3408,27.6701877934272,"probability_of_shuffle",10,0.1,100,0.3,0.5,1,1,2,10,0.2,0.1,1.5,0.9
"73","ft70",42405,8.80084895649098,"probability_of_shuffle",10,0.1,100,0.3,0.5,1,1,2,10,0.2,0.1,1.5,0.9
"74","ftv170",3846,28.3671346853874,"probability_of_shuffle",10,0.1,100,0.3,0.5,1,1,2,10,0.2,0.1,1.5,0.9
"75","ftv47",2241,20.7496653279786,"probability_of_shuffle",10,0.1,100,0.3,0.5,1,1,2,10,0.2,0.1,1.5,0.9
"76","ftv70",2479,21.3392496974587,"probability_of_shuffle",10,0.1,100,0.3,0.5,1,1,2,10,0.2,0.1,1.5,0.9
"77","p43",5668,0.84685956245589,"probability_of_shuffle",10,0.1,100,0.4,0.5,1,1,2,10,0.2,0.1,1.5,0.9
"78","ry48p",16472,12.4453618261292,"probability_of_shuffle",10,0.1,100,0.4,0.5,1,1,2,10,0.2,0.1,1.5,0.9
"79","ftv44",2003,19.4707938092861,"probability_of_shuffle",10,0.1,100,0.4,0.5,1,1,2,10,0.2,0.1,1.5,0.9
"80","ftv64",2565,28.3040935672515,"probability_of_shuffle",10,0.1,100,0.4,0.5,1,1,2,10,0.2,0.1,1.5,0.9
"81","ftv33",1604,19.8254364089776,"probability_of_shuffle",10,0.1,100,0.4,0.5,1,1,2,10,0.2,0.1,1.5,0.9
"82","kro124p",46303,21.7545299440641,"probability_of_shuffle",10,0.1,100,0.4,0.5,1,1,2,10,0.2,0.1,1.5,0.9
"83","ftv38",1670,8.38323353293413,"probability_of_shuffle",10,0.1,100,0.4,0.5,1,1,2,10,0.2,0.1,1.5,0.9
"84","ftv55",2006,19.8404785643071,"probability_of_shuffle",10,0.1,100,0.4,0.5,1,1,2,10,0.2,0.1,1.5,0.9
"85","ft53",8753,21.1127613389695,"probability_of_shuffle",10,0.1,100,0.4,0.5,1,1,2,10,0.2,0.1,1.5,0.9
"86","ftv35",1777,17.1074845244795,"probability_of_shuffle",10,0.1,100,0.4,0.5,1,1,2,10,0.2,0.1,1.5,0.9
"87","br17",39,0,"probability_of_shuffle",10,0.1,100,0.4,0.5,1,1,2,10,0.2,0.1,1.5,0.9
"88","rbg323",1732,23.4411085450346,"probability_of_shuffle",10,0.1,100,0.4,0.5,1,1,2,10,0.2,0.1,1.5,0.9
"89","rbg358",1812,35.8167770419426,"probability_of_shuffle",10,0.1,100,0.4,0.5,1,1,2,10,0.2,0.1,1.5,0.9
"90","rbg443",3770,27.8514588859417,"probability_of_shuffle",10,0.1,100,0.4,0.5,1,1,2,10,0.2,0.1,1.5,0.9
"91","rbg403",3519,29.951690821256,"probability_of_shuffle",10,0.1,100,0.4,0.5,1,1,2,10,0.2,0.1,1.5,0.9
"92","ft70",42405,8.80084895649098,"probability_of_shuffle",10,0.1,100,0.4,0.5,1,1,2,10,0.2,0.1,1.5,0.9
"93","ftv170",3884,29.0679711637487,"probability_of_shuffle",10,0.1,100,0.4,0.5,1,1,2,10,0.2,0.1,1.5,0.9
"94","ftv47",2254,21.206743566992,"probability_of_shuffle",10,0.1,100,0.4,0.5,1,1,2,10,0.2,0.1,1.5,0.9
"95","ftv70",2429,19.7200494030465,"probability_of_shuffle",10,0.1,100,0.4,0.5,1,1,2,10,0.2,0.1,1.5,0.9
"96","p43",5666,0.811860218849276,"probability_of_shuffle",10,0.1,100,0.5,0.5,1,1,2,10,0.2,0.1,1.5,0.9
"97","ry48p",16472,12.4453618261292,"probability_of_shuffle",10,0.1,100,0.5,0.5,1,1,2,10,0.2,0.1,1.5,0.9
"98","ftv44",1953,17.4091141833077,"probability_of_shuffle",10,0.1,100,0.5,0.5,1,1,2,10,0.2,0.1,1.5,0.9
"99","ftv64",2567,28.3599532528243,"probability_of_shuffle",10,0.1,100,0.5,0.5,1,1,2,10,0.2,0.1,1.5,0.9
"100","ftv33",1543,16.6558651976669,"probability_of_shuffle",10,0.1,100,0.5,0.5,1,1,2,10,0.2,0.1,1.5,0.9
"101","kro124p",46430,21.968554813698,"probability_of_shuffle",10,0.1,100,0.5,0.5,1,1,2,10,0.2,0.1,1.5,0.9
"102","ftv38",1666,8.16326530612244,"probability_of_shuffle",10,0.1,100,0.5,0.5,1,1,2,10,0.2,0.1,1.5,0.9
"103","ftv55",1960,17.9591836734694,"probability_of_shuffle",10,0.1,100,0.5,0.5,1,1,2,10,0.2,0.1,1.5,0.9
"104","ft53",8689,20.5317067556681,"probability_of_shuffle",10,0.1,100,0.5,0.5,1,1,2,10,0.2,0.1,1.5,0.9
"105","ftv35",1788,17.6174496644295,"probability_of_shuffle",10,0.1,100,0.5,0.5,1,1,2,10,0.2,0.1,1.5,0.9
"106","br17",39,0,"probability_of_shuffle",10,0.1,100,0.5,0.5,1,1,2,10,0.2,0.1,1.5,0.9
"107","rbg323",1714,22.6371061843641,"probability_of_shuffle",10,0.1,100,0.5,0.5,1,1,2,10,0.2,0.1,1.5,0.9
"108","rbg358",1789,34.9916154276132,"probability_of_shuffle",10,0.1,100,0.5,0.5,1,1,2,10,0.2,0.1,1.5,0.9
"109","rbg443",3767,27.7940005309265,"probability_of_shuffle",10,0.1,100,0.5,0.5,1,1,2,10,0.2,0.1,1.5,0.9
"110","rbg403",3502,29.6116504854369,"probability_of_shuffle",10,0.1,100,0.5,0.5,1,1,2,10,0.2,0.1,1.5,0.9
"111","ft70",42351,8.68456470921583,"probability_of_shuffle",10,0.1,100,0.5,0.5,1,1,2,10,0.2,0.1,1.5,0.9
"112","ftv170",3833,28.1241847117141,"probability_of_shuffle",10,0.1,100,0.5,0.5,1,1,2,10,0.2,0.1,1.5,0.9
"113","ftv47",2223,20.1079622132254,"probability_of_shuffle",10,0.1,100,0.5,0.5,1,1,2,10,0.2,0.1,1.5,0.9
"114","ftv70",2376,17.9292929292929,"probability_of_shuffle",10,0.1,100,0.5,0.5,1,1,2,10,0.2,0.1,1.5,0.9
"115","p43",5679,1.03891530198979,"probability_of_shuffle",10,0.1,100,0.6,0.5,1,1,2,10,0.2,0.1,1.5,0.9
"116","ry48p",16604,13.1414117080222,"probability_of_shuffle",10,0.1,100,0.6,0.5,1,1,2,10,0.2,0.1,1.5,0.9
"117","ftv44",1960,17.7040816326531,"probability_of_shuffle",10,0.1,100,0.6,0.5,1,1,2,10,0.2,0.1,1.5,0.9
"118","ftv64",2550,27.8823529411765,"probability_of_shuffle",10,0.1,100,0.6,0.5,1,1,2,10,0.2,0.1,1.5,0.9
"119","ftv33",1425,9.75438596491229,"probability_of_shuffle",10,0.1,100,0.6,0.5,1,1,2,10,0.2,0.1,1.5,0.9
"120","kro124p",46408,21.9315635235304,"probability_of_shuffle",10,0.1,100,0.6,0.5,1,1,2,10,0.2,0.1,1.5,0.9
"121","ftv38",1723,11.2013929193268,"probability_of_shuffle",10,0.1,100,0.6,0.5,1,1,2,10,0.2,0.1,1.5,0.9
"122","ftv55",1991,19.2365645404319,"probability_of_shuffle",10,0.1,100,0.6,0.5,1,1,2,10,0.2,0.1,1.5,0.9
"123","ft53",8801,21.5430064765367,"probability_of_shuffle",10,0.1,100,0.6,0.5,1,1,2,10,0.2,0.1,1.5,0.9
"124","ftv35",1788,17.6174496644295,"probability_of_shuffle",10,0.1,100,0.6,0.5,1,1,2,10,0.2,0.1,1.5,0.9
"125","br17",39,0,"probability_of_shuffle",10,0.1,100,0.6,0.5,1,1,2,10,0.2,0.1,1.5,0.9
"126","rbg323",1729,23.3082706766917,"probability_of_shuffle",10,0.1,100,0.6,0.5,1,1,2,10,0.2,0.1,1.5,0.9
"127","rbg358",1805,35.5678670360111,"probability_of_shuffle",10,0.1,100,0.6,0.5,1,1,2,10,0.2,0.1,1.5,0.9
"128","rbg443",3742,27.3115980758952,"probability_of_shuffle",10,0.1,100,0.6,0.5,1,1,2,10,0.2,0.1,1.5,0.9
"129","rbg403",3531,30.1897479467573,"probability_of_shuffle",10,0.1,100,0.6,0.5,1,1,2,10,0.2,0.1,1.5,0.9
"130","ft70",42507,9.01969087444421,"probability_of_shuffle",10,0.1,100,0.6,0.5,1,1,2,10,0.2,0.1,1.5,0.9
"131","ftv170",3923,29.7731328065256,"probability_of_shuffle",10,0.1,100,0.6,0.5,1,1,2,10,0.2,0.1,1.5,0.9
"132","ftv47",2374,25.1895534962089,"probability_of_shuffle",10,0.1,100,0.6,0.5,1,1,2,10,0.2,0.1,1.5,0.9
"133","ftv70",2422,19.4880264244426,"probability_of_shuffle",10,0.1,100,0.6,0.5,1,1,2,10,0.2,0.1,1.5,0.9
"134","p43",5708,1.541695865452,"probability_of_heuristic",10,0.1,100,0.5,0.3,1,1,2,10,0.2,0.1,1.5,0.9
"135","ry48p",16244,11.2164491504556,"probability_of_heuristic",10,0.1,100,0.5,0.3,1,1,2,10,0.2,0.1,1.5,0.9
"136","ftv44",2003,19.4707938092861,"probability_of_heuristic",10,0.1,100,0.5,0.3,1,1,2,10,0.2,0.1,1.5,0.9
"137","ftv64",3477,47.1095772217429,"probability_of_heuristic",10,0.1,100,0.5,0.3,1,1,2,10,0.2,0.1,1.5,0.9
"138","ftv33",1596,19.4235588972431,"probability_of_heuristic",10,0.1,100,0.5,0.3,1,1,2,10,0.2,0.1,1.5,0.9
"139","kro124p",46076,21.3690424516017,"probability_of_heuristic",10,0.1,100,0.5,0.3,1,1,2,10,0.2,0.1,1.5,0.9
"140","ftv38",1683,9.09090909090909,"probability_of_heuristic",10,0.1,100,0.5,0.3,1,1,2,10,0.2,0.1,1.5,0.9
"141","ftv55",2012,20.0795228628231,"probability_of_heuristic",10,0.1,100,0.5,0.3,1,1,2,10,0.2,0.1,1.5,0.9
"142","ft53",8921,22.5983634121735,"probability_of_heuristic",10,0.1,100,0.5,0.3,1,1,2,10,0.2,0.1,1.5,0.9
"143","ftv35",1788,17.6174496644295,"probability_of_heuristic",10,0.1,100,0.5,0.3,1,1,2,10,0.2,0.1,1.5,0.9
"144","br17",39,0,"probability_of_heuristic",10,0.1,100,0.5,0.3,1,1,2,10,0.2,0.1,1.5,0.9
"145","rbg323",1734,23.5294117647059,"probability_of_heuristic",10,0.1,100,0.5,0.3,1,1,2,10,0.2,0.1,1.5,0.9
"146","rbg358",1772,34.3679458239278,"probability_of_heuristic",10,0.1,100,0.5,0.3,1,1,2,10,0.2,0.1,1.5,0.9
"147","rbg443",4003,32.050961778666,"probability_of_heuristic",10,0.1,100,0.5,0.3,1,1,2,10,0.2,0.1,1.5,0.9
"148","rbg403",3532,30.2095130237826,"probability_of_heuristic",10,0.1,100,0.5,0.3,1,1,2,10,0.2,0.1,1.5,0.9
"149","ft70",42381,8.74920365258016,"probability_of_heuristic",10,0.1,100,0.5,0.3,1,1,2,10,0.2,0.1,1.5,0.9
"150","ftv170",3887,29.1227167481348,"probability_of_heuristic",10,0.1,100,0.5,0.3,1,1,2,10,0.2,0.1,1.5,0.9
"151","ftv47",2347,24.3289305496378,"probability_of_heuristic",10,0.1,100,0.5,0.3,1,1,2,10,0.2,0.1,1.5,0.9
"152","ftv70",2389,18.3758894935119,"probability_of_heuristic",10,0.1,100,0.5,0.3,1,1,2,10,0.2,0.1,1.5,0.9
"153","p43",5686,1.1607456911713,"probability_of_heuristic",10,0.1,100,0.5,0.4,1,1,2,10,0.2,0.1,1.5,0.9
"154","ry48p",16584,13.03666184274,"probability_of_heuristic",10,0.1,100,0.5,0.4,1,1,2,10,0.2,0.1,1.5,0.9
"155","ftv44",1967,17.9969496695475,"probability_of_heuristic",10,0.1,100,0.5,0.4,1,1,2,10,0.2,0.1,1.5,0.9
"156","ftv64",2639,30.3145130731338,"probability_of_heuristic",10,0.1,100,0.5,0.4,1,1,2,10,0.2,0.1,1.5,0.9
"157","ftv33",1596,19.4235588972431,"probability_of_heuristic",10,0.1,100,0.5,0.4,1,1,2,10,0.2,0.1,1.5,0.9
"158","kro124p",46541,22.1546593326314,"probability_of_heuristic",10,0.1,100,0.5,0.4,1,1,2,10,0.2,0.1,1.5,0.9
"159","ftv38",1683,9.09090909090909,"probability_of_heuristic",10,0.1,100,0.5,0.4,1,1,2,10,0.2,0.1,1.5,0.9
"160","ftv55",2012,20.0795228628231,"probability_of_heuristic",10,0.1,100,0.5,0.4,1,1,2,10,0.2,0.1,1.5,0.9
"161","ft53",9073,23.8950732943899,"probability_of_heuristic",10,0.1,100,0.5,0.4,1,1,2,10,0.2,0.1,1.5,0.9
"162","ftv35",1701,13.4038800705467,"probability_of_heuristic",10,0.1,100,0.5,0.4,1,1,2,10,0.2,0.1,1.5,0.9
"163","br17",39,0,"probability_of_heuristic",10,0.1,100,0.5,0.4,1,1,2,10,0.2,0.1,1.5,0.9
"164","rbg323",1729,23.3082706766917,"probability_of_heuristic",10,0.1,100,0.5,0.4,1,1,2,10,0.2,0.1,1.5,0.9
"165","rbg358",1787,34.9188584219362,"probability_of_heuristic",10,0.1,100,0.5,0.4,1,1,2,10,0.2,0.1,1.5,0.9
"166","rbg443",3814,28.6837965390666,"probability_of_heuristic",10,0.1,100,0.5,0.4,1,1,2,10,0.2,0.1,1.5,0.9
"167","rbg403",3505,29.6718972895863,"probability_of_heuristic",10,0.1,100,0.5,0.4,1,1,2,10,0.2,0.1,1.5,0.9
"168","ft70",42381,8.74920365258016,"probability_of_heuristic",10,0.1,100,0.5,0.4,1,1,2,10,0.2,0.1,1.5,0.9
"169","ftv170",3887,29.1227167481348,"probability_of_heuristic",10,0.1,100,0.5,0.4,1,1,2,10,0.2,0.1,1.5,0.9
"170","ftv47",2226,20.2156334231806,"probability_of_heuristic",10,0.1,100,0.5,0.4,1,1,2,10,0.2,0.1,1.5,0.9
"171","ftv70",2408,19.0199335548173,"probability_of_heuristic",10,0.1,100,0.5,0.4,1,1,2,10,0.2,0.1,1.5,0.9
"172","p43",5661,0.72425366543014,"probability_of_heuristic",10,0.1,100,0.5,0.5,1,1,2,10,0.2,0.1,1.5,0.9
"173","ry48p",16615,13.1989166415889,"probability_of_heuristic",10,0.1,100,0.5,0.5,1,1,2,10,0.2,0.1,1.5,0.9
"174","ftv44",1942,16.9412976313079,"probability_of_heuristic",10,0.1,100,0.5,0.5,1,1,2,10,0.2,0.1,1.5,0.9
"175","ftv64",2461,25.2742787484762,"probability_of_heuristic",10,0.1,100,0.5,0.5,1,1,2,10,0.2,0.1,1.5,0.9
"176","ftv33",1555,17.2990353697749,"probability_of_heuristic",10,0.1,100,0.5,0.5,1,1,2,10,0.2,0.1,1.5,0.9
"177","kro124p",46545,22.1613492319261,"probability_of_heuristic",10,0.1,100,0.5,0.5,1,1,2,10,0.2,0.1,1.5,0.9
"178","ftv38",1670,8.38323353293413,"probability_of_heuristic",10,0.1,100,0.5,0.5,1,1,2,10,0.2,0.1,1.5,0.9
"179","ftv55",1981,18.8288743059061,"probability_of_heuristic",10,0.1,100,0.5,0.5,1,1,2,10,0.2,0.1,1.5,0.9
"180","ft53",8908,22.485406376291,"probability_of_heuristic",10,0.1,100,0.5,0.5,1,1,2,10,0.2,0.1,1.5,0.9
"181","ftv35",1694,13.0460448642267,"probability_of_heuristic",10,0.1,100,0.5,0.5,1,1,2,10,0.2,0.1,1.5,0.9
"182","br17",39,0,"probability_of_heuristic",10,0.1,100,0.5,0.5,1,1,2,10,0.2,0.1,1.5,0.9
"183","rbg323",1734,23.5294117647059,"probability_of_heuristic",10,0.1,100,0.5,0.5,1,1,2,10,0.2,0.1,1.5,0.9
"184","rbg358",1789,34.9916154276132,"probability_of_heuristic",10,0.1,100,0.5,0.5,1,1,2,10,0.2,0.1,1.5,0.9
"185","rbg443",3858,29.4971487817522,"probability_of_heuristic",10,0.1,100,0.5,0.5,1,1,2,10,0.2,0.1,1.5,0.9
"186","rbg403",3508,29.7320410490308,"probability_of_heuristic",10,0.1,100,0.5,0.5,1,1,2,10,0.2,0.1,1.5,0.9
"187","ft70",42447,8.89108770937875,"probability_of_heuristic",10,0.1,100,0.5,0.5,1,1,2,10,0.2,0.1,1.5,0.9
"188","ftv170",3887,29.1227167481348,"probability_of_heuristic",10,0.1,100,0.5,0.5,1,1,2,10,0.2,0.1,1.5,0.9
"189","ftv47",2234,20.5013428827216,"probability_of_heuristic",10,0.1,100,0.5,0.5,1,1,2,10,0.2,0.1,1.5,0.9
"190","ftv70",2458,20.6672091131001,"probability_of_heuristic",10,0.1,100,0.5,0.5,1,1,2,10,0.2,0.1,1.5,0.9
"191","p43",5664,0.776836158192097,"probability_of_heuristic",10,0.1,100,0.5,0.6,1,1,2,10,0.2,0.1,1.5,0.9
"192","ry48p",16355,11.8190155915622,"probability_of_heuristic",10,0.1,100,0.5,0.6,1,1,2,10,0.2,0.1,1.5,0.9
"193","ftv44",1978,18.4529828109201,"probability_of_heuristic",10,0.1,100,0.5,0.6,1,1,2,10,0.2,0.1,1.5,0.9
"194","ftv64",2585,28.8588007736944,"probability_of_heuristic",10,0.1,100,0.5,0.6,1,1,2,10,0.2,0.1,1.5,0.9
"195","ftv33",1505,14.5514950166113,"probability_of_heuristic",10,0.1,100,0.5,0.6,1,1,2,10,0.2,0.1,1.5,0.9
"196","kro124p",46535,22.1446223272805,"probability_of_heuristic",10,0.1,100,0.5,0.6,1,1,2,10,0.2,0.1,1.5,0.9
"197","ftv38",1670,8.38323353293413,"probability_of_heuristic",10,0.1,100,0.5,0.6,1,1,2,10,0.2,0.1,1.5,0.9
"198","ftv55",1966,18.2095625635809,"probability_of_heuristic",10,0.1,100,0.5,0.6,1,1,2,10,0.2,0.1,1.5,0.9
"199","ft53",8563,19.3623730001168,"probability_of_heuristic",10,0.1,100,0.5,0.6,1,1,2,10,0.2,0.1,1.5,0.9
"200","ftv35",1752,15.9246575342466,"probability_of_heuristic",10,0.1,100,0.5,0.6,1,1,2,10,0.2,0.1,1.5,0.9
"201","br17",39,0,"probability_of_heuristic",10,0.1,100,0.5,0.6,1,1,2,10,0.2,0.1,1.5,0.9
"202","rbg323",1728,23.2638888888889,"probability_of_heuristic",10,0.1,100,0.5,0.6,1,1,2,10,0.2,0.1,1.5,0.9
"203","rbg358",1782,34.7362514029181,"probability_of_heuristic",10,0.1,100,0.5,0.6,1,1,2,10,0.2,0.1,1.5,0.9
"204","rbg443",3802,28.4587059442399,"probability_of_heuristic",10,0.1,100,0.5,0.6,1,1,2,10,0.2,0.1,1.5,0.9
"205","rbg403",3408,27.6701877934272,"probability_of_heuristic",10,0.1,100,0.5,0.6,1,1,2,10,0.2,0.1,1.5,0.9
"206","ft70",42271,8.51174564121975,"probability_of_heuristic",10,0.1,100,0.5,0.6,1,1,2,10,0.2,0.1,1.5,0.9
"207","ftv170",3840,28.2552083333333,"probability_of_heuristic",10,0.1,100,0.5,0.6,1,1,2,10,0.2,0.1,1.5,0.9
"208","ftv47",2289,22.4115334207077,"probability_of_heuristic",10,0.1,100,0.5,0.6,1,1,2,10,0.2,0.1,1.5,0.9
"209","ftv70",2424,19.5544554455445,"probability_of_heuristic",10,0.1,100,0.5,0.6,1,1,2,10,0.2,0.1,1.5,0.9
"210","p43",5693,1.28227647988759,"k",10,0.1,100,0.5,0.5,1,1,2,10,0.2,0.1,1.5,0.9
"211","ry48p",16378,11.9428501648553,"k",10,0.1,100,0.5,0.5,1,1,2,10,0.2,0.1,1.5,0.9
"212","ftv44",1952,17.3668032786885,"k",10,0.1,100,0.5,0.5,1,1,2,10,0.2,0.1,1.5,0.9
"213","ftv64",2512,26.7914012738854,"k",10,0.1,100,0.5,0.5,1,1,2,10,0.2,0.1,1.5,0.9
"214","ftv33",1590,19.1194968553459,"k",10,0.1,100,0.5,0.5,1,1,2,10,0.2,0.1,1.5,0.9
"215","kro124p",46380,21.884432945235,"k",10,0.1,100,0.5,0.5,1,1,2,10,0.2,0.1,1.5,0.9
"216","ftv38",1683,9.09090909090909,"k",10,0.1,100,0.5,0.5,1,1,2,10,0.2,0.1,1.5,0.9
"217","ftv55",1892,15.0105708245243,"k",10,0.1,100,0.5,0.5,1,1,2,10,0.2,0.1,1.5,0.9
"218","ft53",9102,24.1375521863327,"k",10,0.1,100,0.5,0.5,1,1,2,10,0.2,0.1,1.5,0.9
"219","ftv35",1791,17.7554438860972,"k",10,0.1,100,0.5,0.5,1,1,2,10,0.2,0.1,1.5,0.9
"220","br17",39,0,"k",10,0.1,100,0.5,0.5,1,1,2,10,0.2,0.1,1.5,0.9
"221","rbg323",1730,23.3526011560694,"k",10,0.1,100,0.5,0.5,1,1,2,10,0.2,0.1,1.5,0.9
"222","rbg358",1774,34.4419391206313,"k",10,0.1,100,0.5,0.5,1,1,2,10,0.2,0.1,1.5,0.9
"223","rbg443",3862,29.5701708959089,"k",10,0.1,100,0.5,0.5,1,1,2,10,0.2,0.1,1.5,0.9
"224","rbg403",3412,27.7549824150059,"k",10,0.1,100,0.5,0.5,1,1,2,10,0.2,0.1,1.5,0.9
"225","ft70",42381,8.74920365258016,"k",10,0.1,100,0.5,0.5,1,1,2,10,0.2,0.1,1.5,0.9
"226","ftv170",3848,28.4043659043659,"k",10,0.1,100,0.5,0.5,1,1,2,10,0.2,0.1,1.5,0.9
"227","ftv47",2296,22.6480836236934,"k",10,0.1,100,0.5,0.5,1,1,2,10,0.2,0.1,1.5,0.9
"228","ftv70",2469,21.0206561360875,"k",10,0.1,100,0.5,0.5,1,1,2,10,0.2,0.1,1.5,0.9
"229","p43",5684,1.12596762843069,"k",10,0.1,100,0.5,0.5,1,1,2,15,0.2,0.1,1.5,0.9
"230","ry48p",16308,11.5648761344126,"k",10,0.1,100,0.5,0.5,1,1,2,15,0.2,0.1,1.5,0.9
"231","ftv44",1967,17.9969496695475,"k",10,0.1,100,0.5,0.5,1,1,2,15,0.2,0.1,1.5,0.9
"232","ftv64",2520,27.0238095238095,"k",10,0.1,100,0.5,0.5,1,1,2,15,0.2,0.1,1.5,0.9
"233","ftv33",1632,21.2009803921569,"k",10,0.1,100,0.5,0.5,1,1,2,15,0.2,0.1,1.5,0.9
"234","kro124p",46068,21.3553876877659,"k",10,0.1,100,0.5,0.5,1,1,2,15,0.2,0.1,1.5,0.9
"235","ftv38",1618,5.43881334981458,"k",10,0.1,100,0.5,0.5,1,1,2,15,0.2,0.1,1.5,0.9
"236","ftv55",1988,19.1146881287726,"k",10,0.1,100,0.5,0.5,1,1,2,15,0.2,0.1,1.5,0.9
"237","ft53",8829,21.7918224034432,"k",10,0.1,100,0.5,0.5,1,1,2,15,0.2,0.1,1.5,0.9
"238","ftv35",1788,17.6174496644295,"k",10,0.1,100,0.5,0.5,1,1,2,15,0.2,0.1,1.5,0.9
"239","br17",39,0,"k",10,0.1,100,0.5,0.5,1,1,2,15,0.2,0.1,1.5,0.9
"240","rbg323",1734,23.5294117647059,"k",10,0.1,100,0.5,0.5,1,1,2,15,0.2,0.1,1.5,0.9
"241","rbg358",1777,34.5526167698368,"k",10,0.1,100,0.5,0.5,1,1,2,15,0.2,0.1,1.5,0.9
"242","rbg443",3841,29.18510804478,"k",10,0.1,100,0.5,0.5,1,1,2,15,0.2,0.1,1.5,0.9
"243","rbg403",3506,29.6919566457501,"k",10,0.1,100,0.5,0.5,1,1,2,15,0.2,0.1,1.5,0.9
"244","ft70",42505,9.01540995177038,"k",10,0.1,100,0.5,0.5,1,1,2,15,0.2,0.1,1.5,0.9
"245","ftv170",3887,29.1227167481348,"k",10,0.1,100,0.5,0.5,1,1,2,15,0.2,0.1,1.5,0.9
"246","ftv47",2280,22.1052631578947,"k",10,0.1,100,0.5,0.5,1,1,2,15,0.2,0.1,1.5,0.9
"247","ftv70",2374,17.860151642797,"k",10,0.1,100,0.5,0.5,1,1,2,15,0.2,0.1,1.5,0.9
"248","p43",5660,0.706713780918733,"k",10,0.1,100,0.5,0.5,1,1,2,20,0.2,0.1,1.5,0.9
"249","ry48p",16466,12.4134580347382,"k",10,0.1,100,0.5,0.5,1,1,2,20,0.2,0.1,1.5,0.9
"250","ftv44",1952,17.3668032786885,"k",10,0.1,100,0.5,0.5,1,1,2,20,0.2,0.1,1.5,0.9
"251","ftv64",2519,26.9948392219135,"k",10,0.1,100,0.5,0.5,1,1,2,20,0.2,0.1,1.5,0.9
"252","ftv33",1480,13.1081081081081,"k",10,0.1,100,0.5,0.5,1,1,2,20,0.2,0.1,1.5,0.9
"253","kro124p",46745,22.4943844261418,"k",10,0.1,100,0.5,0.5,1,1,2,20,0.2,0.1,1.5,0.9
"254","ftv38",1679,8.87432995830851,"k",10,0.1,100,0.5,0.5,1,1,2,20,0.2,0.1,1.5,0.9
"255","ftv55",2012,20.0795228628231,"k",10,0.1,100,0.5,0.5,1,1,2,20,0.2,0.1,1.5,0.9
"256","ft53",8762,21.1937913718329,"k",10,0.1,100,0.5,0.5,1,1,2,20,0.2,0.1,1.5,0.9
"257","ftv35",1738,15.2474108170311,"k",10,0.1,100,0.5,0.5,1,1,2,20,0.2,0.1,1.5,0.9
"258","br17",39,0,"k",10,0.1,100,0.5,0.5,1,1,2,20,0.2,0.1,1.5,0.9
"259","rbg323",1734,23.5294117647059,"k",10,0.1,100,0.5,0.5,1,1,2,20,0.2,0.1,1.5,0.9
"260","rbg358",1791,35.0642099385818,"k",10,0.1,100,0.5,0.5,1,1,2,20,0.2,0.1,1.5,0.9
"261","rbg443",3827,28.9260517376535,"k",10,0.1,100,0.5,0.5,1,1,2,20,0.2,0.1,1.5,0.9
"262","rbg403",3427,28.071199299679,"k",10,0.1,100,0.5,0.5,1,1,2,20,0.2,0.1,1.5,0.9
"263","ft70",42291,8.555011704618,"k",10,0.1,100,0.5,0.5,1,1,2,20,0.2,0.1,1.5,0.9
"264","ftv170",3923,29.7731328065256,"k",10,0.1,100,0.5,0.5,1,1,2,20,0.2,0.1,1.5,0.9
"265","ftv47",2348,24.3611584327087,"k",10,0.1,100,0.5,0.5,1,1,2,20,0.2,0.1,1.5,0.9
"266","ftv70",2383,18.1703734788082,"k",10,0.1,100,0.5,0.5,1,1,2,20,0.2,0.1,1.5,0.9
"267","p43",5666,0.811860218849276,"max_length_percent_of_cycle",10,0.1,100,0.5,0.5,1,1,2,10,0.1,0.1,1.5,0.9
"268","ry48p",16425,12.1948249619482,"max_length_percent_of_cycle",10,0.1,100,0.5,0.5,1,1,2,10,0.1,0.1,1.5,0.9
"269","ftv44",2003,19.4707938092861,"max_length_percent_of_cycle",10,0.1,100,0.5,0.5,1,1,2,10,0.1,0.1,1.5,0.9
"270","ftv64",2422,24.0710156895128,"max_length_percent_of_cycle",10,0.1,100,0.5,0.5,1,1,2,10,0.1,0.1,1.5,0.9
"271","ftv33",1557,17.4052665382145,"max_length_percent_of_cycle",10,0.1,100,0.5,0.5,1,1,2,10,0.1,0.1,1.5,0.9
"272","kro124p",46512,22.1061231510148,"max_length_percent_of_cycle",10,0.1,100,0.5,0.5,1,1,2,10,0.1,0.1,1.5,0.9
"273","ftv38",1778,13.9482564679415,"max_length_percent_of_cycle",10,0.1,100,0.5,0.5,1,1,2,10,0.1,0.1,1.5,0.9
"274","ftv55",2012,20.0795228628231,"max_length_percent_of_cycle",10,0.1,100,0.5,0.5,1,1,2,10,0.1,0.1,1.5,0.9
"275","ft53",9024,23.4818262411348,"max_length_percent_of_cycle",10,0.1,100,0.5,0.5,1,1,2,10,0.1,0.1,1.5,0.9
"276","ftv35",1791,17.7554438860972,"max_length_percent_of_cycle",10,0.1,100,0.5,0.5,1,1,2,10,0.1,0.1,1.5,0.9
"277","br17",39,0,"max_length_percent_of_cycle",10,0.1,100,0.5,0.5,1,1,2,10,0.1,0.1,1.5,0.9
"278","rbg323",1703,22.1374045801527,"max_length_percent_of_cycle",10,0.1,100,0.5,0.5,1,1,2,10,0.1,0.1,1.5,0.9
"279","rbg358",1802,35.4605993340733,"max_length_percent_of_cycle",10,0.1,100,0.5,0.5,1,1,2,10,0.1,0.1,1.5,0.9
"280","rbg443",3868,29.6794208893485,"max_length_percent_of_cycle",10,0.1,100,0.5,0.5,1,1,2,10,0.1,0.1,1.5,0.9
"281","rbg403",3507,29.712004562304,"max_length_percent_of_cycle",10,0.1,100,0.5,0.5,1,1,2,10,0.1,0.1,1.5,0.9
"282","ft70",42264,8.49659284497444,"max_length_percent_of_cycle",10,0.1,100,0.5,0.5,1,1,2,10,0.1,0.1,1.5,0.9
"283","ftv170",3887,29.1227167481348,"max_length_percent_of_cycle",10,0.1,100,0.5,0.5,1,1,2,10,0.1,0.1,1.5,0.9
"284","ftv47",2182,18.6067827681027,"max_length_percent_of_cycle",10,0.1,100,0.5,0.5,1,1,2,10,0.1,0.1,1.5,0.9
"285","ftv70",2472,21.1165048543689,"max_length_percent_of_cycle",10,0.1,100,0.5,0.5,1,1,2,10,0.1,0.1,1.5,0.9
"286","p43",5652,0.566171266808212,"max_length_percent_of_cycle",10,0.1,100,0.5,0.5,1,1,2,10,0.2,0.1,1.5,0.9
"287","ry48p",16562,12.9211447892767,"max_length_percent_of_cycle",10,0.1,100,0.5,0.5,1,1,2,10,0.2,0.1,1.5,0.9
"288","ftv44",1962,17.7879714576962,"max_length_percent_of_cycle",10,0.1,100,0.5,0.5,1,1,2,10,0.2,0.1,1.5,0.9
"289","ftv64",2471,25.5766895993525,"max_length_percent_of_cycle",10,0.1,100,0.5,0.5,1,1,2,10,0.2,0.1,1.5,0.9
"290","ftv33",1556,17.3521850899743,"max_length_percent_of_cycle",10,0.1,100,0.5,0.5,1,1,2,10,0.2,0.1,1.5,0.9
"291","kro124p",46152,21.498526607731,"max_length_percent_of_cycle",10,0.1,100,0.5,0.5,1,1,2,10,0.2,0.1,1.5,0.9
"292","ftv38",1662,7.94223826714801,"max_length_percent_of_cycle",10,0.1,100,0.5,0.5,1,1,2,10,0.2,0.1,1.5,0.9
"293","ftv55",1873,14.1484249866524,"max_length_percent_of_cycle",10,0.1,100,0.5,0.5,1,1,2,10,0.2,0.1,1.5,0.9
"294","ft53",8813,21.6498354703279,"max_length_percent_of_cycle",10,0.1,100,0.5,0.5,1,1,2,10,0.2,0.1,1.5,0.9
"295","ftv35",1789,17.6634991615428,"max_length_percent_of_cycle",10,0.1,100,0.5,0.5,1,1,2,10,0.2,0.1,1.5,0.9
"296","br17",39,0,"max_length_percent_of_cycle",10,0.1,100,0.5,0.5,1,1,2,10,0.2,0.1,1.5,0.9
"297","rbg323",1730,23.3526011560694,"max_length_percent_of_cycle",10,0.1,100,0.5,0.5,1,1,2,10,0.2,0.1,1.5,0.9
"298","rbg358",1795,35.2089136490251,"max_length_percent_of_cycle",10,0.1,100,0.5,0.5,1,1,2,10,0.2,0.1,1.5,0.9
"299","rbg443",3785,28.1373844121532,"max_length_percent_of_cycle",10,0.1,100,0.5,0.5,1,1,2,10,0.2,0.1,1.5,0.9
"300","rbg403",3498,29.5311606632361,"max_length_percent_of_cycle",10,0.1,100,0.5,0.5,1,1,2,10,0.2,0.1,1.5,0.9
"301","ft70",42420,8.83309759547384,"max_length_percent_of_cycle",10,0.1,100,0.5,0.5,1,1,2,10,0.2,0.1,1.5,0.9
"302","ftv170",3887,29.1227167481348,"max_length_percent_of_cycle",10,0.1,100,0.5,0.5,1,1,2,10,0.2,0.1,1.5,0.9
"303","ftv47",2237,20.6079570853822,"max_length_percent_of_cycle",10,0.1,100,0.5,0.5,1,1,2,10,0.2,0.1,1.5,0.9
"304","ftv70",2384,18.2046979865772,"max_length_percent_of_cycle",10,0.1,100,0.5,0.5,1,1,2,10,0.2,0.1,1.5,0.9
"305","p43",5684,1.12596762843069,"max_length_percent_of_cycle",10,0.1,100,0.5,0.5,1,1,2,10,0.3,0.1,1.5,0.9
"306","ry48p",16429,12.2162030555725,"max_length_percent_of_cycle",10,0.1,100,0.5,0.5,1,1,2,10,0.3,0.1,1.5,0.9
"307","ftv44",1952,17.3668032786885,"max_length_percent_of_cycle",10,0.1,100,0.5,0.5,1,1,2,10,0.3,0.1,1.5,0.9
"308","ftv64",2511,26.7622461170848,"max_length_percent_of_cycle",10,0.1,100,0.5,0.5,1,1,2,10,0.3,0.1,1.5,0.9
"309","ftv33",1579,18.5560481317289,"max_length_percent_of_cycle",10,0.1,100,0.5,0.5,1,1,2,10,0.3,0.1,1.5,0.9
"310","kro124p",46551,22.1713819252003,"max_length_percent_of_cycle",10,0.1,100,0.5,0.5,1,1,2,10,0.3,0.1,1.5,0.9
"311","ftv38",1633,6.30740967544396,"max_length_percent_of_cycle",10,0.1,100,0.5,0.5,1,1,2,10,0.3,0.1,1.5,0.9
"312","ftv55",2011,20.0397812033814,"max_length_percent_of_cycle",10,0.1,100,0.5,0.5,1,1,2,10,0.3,0.1,1.5,0.9
"313","ft53",8828,21.7829632985954,"max_length_percent_of_cycle",10,0.1,100,0.5,0.5,1,1,2,10,0.3,0.1,1.5,0.9
"314","ftv35",1706,13.6576787807737,"max_length_percent_of_cycle",10,0.1,100,0.5,0.5,1,1,2,10,0.3,0.1,1.5,0.9
"315","br17",42,7.14285714285714,"max_length_percent_of_cycle",10,0.1,100,0.5,0.5,1,1,2,10,0.3,0.1,1.5,0.9
"316","rbg323",1729,23.3082706766917,"max_length_percent_of_cycle",10,0.1,100,0.5,0.5,1,1,2,10,0.3,0.1,1.5,0.9
"317","rbg358",1783,34.7728547392036,"max_length_percent_of_cycle",10,0.1,100,0.5,0.5,1,1,2,10,0.3,0.1,1.5,0.9
"318","rbg443",3807,28.5526661413186,"max_length_percent_of_cycle",10,0.1,100,0.5,0.5,1,1,2,10,0.3,0.1,1.5,0.9
"319","rbg403",3463,28.8189431129079,"max_length_percent_of_cycle",10,0.1,100,0.5,0.5,1,1,2,10,0.3,0.1,1.5,0.9
"320","ft70",42604,9.22683316120552,"max_length_percent_of_cycle",10,0.1,100,0.5,0.5,1,1,2,10,0.3,0.1,1.5,0.9
"321","ftv170",3887,29.1227167481348,"max_length_percent_of_cycle",10,0.1,100,0.5,0.5,1,1,2,10,0.3,0.1,1.5,0.9
"322","ftv47",2209,19.6016296966953,"max_length_percent_of_cycle",10,0.1,100,0.5,0.5,1,1,2,10,0.3,0.1,1.5,0.9
"323","ftv70",2442,20.1474201474201,"max_length_percent_of_cycle",10,0.1,100,0.5,0.5,1,1,2,10,0.3,0.1,1.5,0.9
"324","p43",5672,0.916784203102964,"swap_states_probability",10,0.1,100,0.5,0.5,1,1,2,10,0.2,0.1,1.5,0.9
"325","ry48p",16378,11.9428501648553,"swap_states_probability",10,0.1,100,0.5,0.5,1,1,2,10,0.2,0.1,1.5,0.9
"326","ftv44",1962,17.7879714576962,"swap_states_probability",10,0.1,100,0.5,0.5,1,1,2,10,0.2,0.1,1.5,0.9
"327","ftv64",2448,24.8774509803922,"swap_states_probability",10,0.1,100,0.5,0.5,1,1,2,10,0.2,0.1,1.5,0.9
"328","ftv33",1632,21.2009803921569,"swap_states_probability",10,0.1,100,0.5,0.5,1,1,2,10,0.2,0.1,1.5,0.9
"329","kro124p",46156,21.5053297512783,"swap_states_probability",10,0.1,100,0.5,0.5,1,1,2,10,0.2,0.1,1.5,0.9
"330","ftv38",1664,8.05288461538461,"swap_states_probability",10,0.1,100,0.5,0.5,1,1,2,10,0.2,0.1,1.5,0.9
"331","ftv55",2001,19.640179910045,"swap_states_probability",10,0.1,100,0.5,0.5,1,1,2,10,0.2,0.1,1.5,0.9
"332","ft53",8524,18.9934303144064,"swap_states_probability",10,0.1,100,0.5,0.5,1,1,2,10,0.2,0.1,1.5,0.9
"333","ftv35",1788,17.6174496644295,"swap_states_probability",10,0.1,100,0.5,0.5,1,1,2,10,0.2,0.1,1.5,0.9
"334","br17",39,0,"swap_states_probability",10,0.1,100,0.5,0.5,1,1,2,10,0.2,0.1,1.5,0.9
"335","rbg323",1731,23.3968804159445,"swap_states_probability",10,0.1,100,0.5,0.5,1,1,2,10,0.2,0.1,1.5,0.9
"336","rbg358",1789,34.9916154276132,"swap_states_probability",10,0.1,100,0.5,0.5,1,1,2,10,0.2,0.1,1.5,0.9
"337","rbg443",3887,30.0231541034217,"swap_states_probability",10,0.1,100,0.5,0.5,1,1,2,10,0.2,0.1,1.5,0.9
"338","rbg403",3487,29.3088614855176,"swap_states_probability",10,0.1,100,0.5,0.5,1,1,2,10,0.2,0.1,1.5,0.9
"339","ft70",42593,9.20339022844129,"swap_states_probability",10,0.1,100,0.5,0.5,1,1,2,10,0.2,0.1,1.5,0.9
"340","ftv170",3921,29.737311910227,"swap_states_probability",10,0.1,100,0.5,0.5,1,1,2,10,0.2,0.1,1.5,0.9
"341","ftv47",2153,17.5104505341384,"swap_states_probability",10,0.1,100,0.5,0.5,1,1,2,10,0.2,0.1,1.5,0.9
"342","ftv70",2520,22.6190476190476,"swap_states_probability",10,0.1,100,0.5,0.5,1,1,2,10,0.2,0.1,1.5,0.9
"343","p43",5654,0.601344181110719,"swap_states_probability",10,0.1,100,0.5,0.5,1,1,2,10,0.2,0.2,1.5,0.9
"344","ry48p",16379,11.9482263874473,"swap_states_probability",10,0.1,100,0.5,0.5,1,1,2,10,0.2,0.2,1.5,0.9
"345","ftv44",2003,19.4707938092861,"swap_states_probability",10,0.1,100,0.5,0.5,1,1,2,10,0.2,0.2,1.5,0.9
"346","ftv64",2542,27.6553894571204,"swap_states_probability",10,0.1,100,0.5,0.5,1,1,2,10,0.2,0.2,1.5,0.9
"347","ftv33",1528,15.8376963350785,"swap_states_probability",10,0.1,100,0.5,0.5,1,1,2,10,0.2,0.2,1.5,0.9
"348","kro124p",46675,22.3781467595072,"swap_states_probability",10,0.1,100,0.5,0.5,1,1,2,10,0.2,0.2,1.5,0.9
"349","ftv38",1664,8.05288461538461,"swap_states_probability",10,0.1,100,0.5,0.5,1,1,2,10,0.2,0.2,1.5,0.9
"350","ftv55",1996,19.438877755511,"swap_states_probability",10,0.1,100,0.5,0.5,1,1,2,10,0.2,0.2,1.5,0.9
"351","ft53",8922,22.6070387805425,"swap_states_probability",10,0.1,100,0.5,0.5,1,1,2,10,0.2,0.2,1.5,0.9
"352","ftv35",1788,17.6174496644295,"swap_states_probability",10,0.1,100,0.5,0.5,1,1,2,10,0.2,0.2,1.5,0.9
"353","br17",39,0,"swap_states_probability",10,0.1,100,0.5,0.5,1,1,2,10,0.2,0.2,1.5,0.9
"354","rbg323",1721,22.9517722254503,"swap_states_probability",10,0.1,100,0.5,0.5,1,1,2,10,0.2,0.2,1.5,0.9
"355","rbg358",1812,35.8167770419426,"swap_states_probability",10,0.1,100,0.5,0.5,1,1,2,10,0.2,0.2,1.5,0.9
"356","rbg443",3922,30.6476287608363,"swap_states_probability",10,0.1,100,0.5,0.5,1,1,2,10,0.2,0.2,1.5,0.9
"357","rbg403",3504,29.6518264840183,"swap_states_probability",10,0.1,100,0.5,0.5,1,1,2,10,0.2,0.2,1.5,0.9
"358","ft70",42436,8.86747101517579,"swap_states_probability",10,0.1,100,0.5,0.5,1,1,2,10,0.2,0.2,1.5,0.9
"359","ftv170",3887,29.1227167481348,"swap_states_probability",10,0.1,100,0.5,0.5,1,1,2,10,0.2,0.2,1.5,0.9
"360","ftv47",2261,21.4506855373728,"swap_states_probability",10,0.1,100,0.5,0.5,1,1,2,10,0.2,0.2,1.5,0.9
"361","ftv70",2517,22.5268176400477,"swap_states_probability",10,0.1,100,0.5,0.5,1,1,2,10,0.2,0.2,1.5,0.9
"362","p43",5666,0.811860218849276,"swap_states_probability",10,0.1,100,0.5,0.5,1,1,2,10,0.2,0.3,1.5,0.9
"363","ry48p",16562,12.9211447892767,"swap_states_probability",10,0.1,100,0.5,0.5,1,1,2,10,0.2,0.3,1.5,0.9
"364","ftv44",1920,15.9895833333333,"swap_states_probability",10,0.1,100,0.5,0.5,1,1,2,10,0.2,0.3,1.5,0.9
"365","ftv64",2445,24.7852760736196,"swap_states_probability",10,0.1,100,0.5,0.5,1,1,2,10,0.2,0.3,1.5,0.9
"366","ftv33",1552,17.1391752577319,"swap_states_probability",10,0.1,100,0.5,0.5,1,1,2,10,0.2,0.3,1.5,0.9
"367","kro124p",46358,21.8473618361448,"swap_states_probability",10,0.1,100,0.5,0.5,1,1,2,10,0.2,0.3,1.5,0.9
"368","ftv38",1670,8.38323353293413,"swap_states_probability",10,0.1,100,0.5,0.5,1,1,2,10,0.2,0.3,1.5,0.9
"369","ftv55",1891,14.9656266525648,"swap_states_probability",10,0.1,100,0.5,0.5,1,1,2,10,0.2,0.3,1.5,0.9
"370","ft53",8663,20.293200969641,"swap_states_probability",10,0.1,100,0.5,0.5,1,1,2,10,0.2,0.3,1.5,0.9
"371","ftv35",1790,17.7094972067039,"swap_states_probability",10,0.1,100,0.5,0.5,1,1,2,10,0.2,0.3,1.5,0.9
"372","br17",39,0,"swap_states_probability",10,0.1,100,0.5,0.5,1,1,2,10,0.2,0.3,1.5,0.9
"373","rbg323",1728,23.2638888888889,"swap_states_probability",10,0.1,100,0.5,0.5,1,1,2,10,0.2,0.3,1.5,0.9
"374","rbg358",1804,35.5321507760532,"swap_states_probability",10,0.1,100,0.5,0.5,1,1,2,10,0.2,0.3,1.5,0.9
"375","rbg443",3839,29.148215681167,"swap_states_probability",10,0.1,100,0.5,0.5,1,1,2,10,0.2,0.3,1.5,0.9
"376","rbg403",3423,27.9871457785568,"swap_states_probability",10,0.1,100,0.5,0.5,1,1,2,10,0.2,0.3,1.5,0.9
"377","ft70",42502,9.00898781233825,"swap_states_probability",10,0.1,100,0.5,0.5,1,1,2,10,0.2,0.3,1.5,0.9
"378","ftv170",3841,28.2738870085915,"swap_states_probability",10,0.1,100,0.5,0.5,1,1,2,10,0.2,0.3,1.5,0.9
"379","ftv47",2345,24.2643923240938,"swap_states_probability",10,0.1,100,0.5,0.5,1,1,2,10,0.2,0.3,1.5,0.9
"380","ftv70",2440,20.0819672131148,"swap_states_probability",10,0.1,100,0.5,0.5,1,1,2,10,0.2,0.3,1.5,0.9
"381","p43",5669,0.8643499735403,"swap_states_probability",10,0.1,100,0.5,0.5,1,1,2,10,0.2,0.4,1.5,0.9
"382","ry48p",16404,12.0824189222141,"swap_states_probability",10,0.1,100,0.5,0.5,1,1,2,10,0.2,0.4,1.5,0.9
"383","ftv44",2003,19.4707938092861,"swap_states_probability",10,0.1,100,0.5,0.5,1,1,2,10,0.2,0.4,1.5,0.9
"384","ftv64",2500,26.44,"swap_states_probability",10,0.1,100,0.5,0.5,1,1,2,10,0.2,0.4,1.5,0.9
"385","ftv33",1626,20.910209102091,"swap_states_probability",10,0.1,100,0.5,0.5,1,1,2,10,0.2,0.4,1.5,0.9
"386","kro124p",46531,22.1379295523414,"swap_states_probability",10,0.1,100,0.5,0.5,1,1,2,10,0.2,0.4,1.5,0.9
"387","ftv38",1683,9.09090909090909,"swap_states_probability",10,0.1,100,0.5,0.5,1,1,2,10,0.2,0.4,1.5,0.9
"388","ftv55",1910,15.8115183246073,"swap_states_probability",10,0.1,100,0.5,0.5,1,1,2,10,0.2,0.4,1.5,0.9
"389","ft53",9002,23.2948233725839,"swap_states_probability",10,0.1,100,0.5,0.5,1,1,2,10,0.2,0.4,1.5,0.9
"390","ftv35",1730,14.8554913294798,"swap_states_probability",10,0.1,100,0.5,0.5,1,1,2,10,0.2,0.4,1.5,0.9
"391","br17",39,0,"swap_states_probability",10,0.1,100,0.5,0.5,1,1,2,10,0.2,0.4,1.5,0.9
"392","rbg323",1708,22.3653395784543,"swap_states_probability",10,0.1,100,0.5,0.5,1,1,2,10,0.2,0.4,1.5,0.9
"393","rbg358",1780,34.6629213483146,"swap_states_probability",10,0.1,100,0.5,0.5,1,1,2,10,0.2,0.4,1.5,0.9
"394","rbg443",3764,27.7364505844846,"swap_states_probability",10,0.1,100,0.5,0.5,1,1,2,10,0.2,0.4,1.5,0.9
"395","rbg403",3455,28.6541244573083,"swap_states_probability",10,0.1,100,0.5,0.5,1,1,2,10,0.2,0.4,1.5,0.9
"396","ft70",42415,8.82235058351998,"swap_states_probability",10,0.1,100,0.5,0.5,1,1,2,10,0.2,0.4,1.5,0.9
"397","ftv170",3811,27.709262660719,"swap_states_probability",10,0.1,100,0.5,0.5,1,1,2,10,0.2,0.4,1.5,0.9
"398","ftv47",2227,20.2514593623709,"swap_states_probability",10,0.1,100,0.5,0.5,1,1,2,10,0.2,0.4,1.5,0.9
"399","ftv70",2476,21.2439418416801,"swap_states_probability",10,0.1,100,0.5,0.5,1,1,2,10,0.2,0.4,1.5,0.9
"400","p43",5655,0.618921308576475,"swap_states_probability",10,0.1,100,0.5,0.5,1,1,2,10,0.2,0.5,1.5,0.9
"401","ry48p",16101,10.4279237314452,"swap_states_probability",10,0.1,100,0.5,0.5,1,1,2,10,0.2,0.5,1.5,0.9
"402","ftv44",1942,16.9412976313079,"swap_states_probability",10,0.1,100,0.5,0.5,1,1,2,10,0.2,0.5,1.5,0.9
"403","ftv64",2397,23.279098873592,"swap_states_probability",10,0.1,100,0.5,0.5,1,1,2,10,0.2,0.5,1.5,0.9
"404","ftv33",1580,18.6075949367089,"swap_states_probability",10,0.1,100,0.5,0.5,1,1,2,10,0.2,0.5,1.5,0.9
"405","kro124p",46416,21.9450189589797,"swap_states_probability",10,0.1,100,0.5,0.5,1,1,2,10,0.2,0.5,1.5,0.9
"406","ftv38",1670,8.38323353293413,"swap_states_probability",10,0.1,100,0.5,0.5,1,1,2,10,0.2,0.5,1.5,0.9
"407","ftv55",1981,18.8288743059061,"swap_states_probability",10,0.1,100,0.5,0.5,1,1,2,10,0.2,0.5,1.5,0.9
"408","ft53",8595,19.6625945317045,"swap_states_probability",10,0.1,100,0.5,0.5,1,1,2,10,0.2,0.5,1.5,0.9
"409","ftv35",1791,17.7554438860972,"swap_states_probability",10,0.1,100,0.5,0.5,1,1,2,10,0.2,0.5,1.5,0.9
"410","br17",39,0,"swap_states_probability",10,0.1,100,0.5,0.5,1,1,2,10,0.2,0.5,1.5,0.9
"411","rbg323",1721,22.9517722254503,"swap_states_probability",10,0.1,100,0.5,0.5,1,1,2,10,0.2,0.5,1.5,0.9
"412","rbg358",1812,35.8167770419426,"swap_states_probability",10,0.1,100,0.5,0.5,1,1,2,10,0.2,0.5,1.5,0.9
"413","rbg443",3749,27.4473192851427,"swap_states_probability",10,0.1,100,0.5,0.5,1,1,2,10,0.2,0.5,1.5,0.9
"414","rbg403",3490,29.3696275071633,"swap_states_probability",10,0.1,100,0.5,0.5,1,1,2,10,0.2,0.5,1.5,0.9
"415","ft70",42150,8.2491103202847,"swap_states_probability",10,0.1,100,0.5,0.5,1,1,2,10,0.2,0.5,1.5,0.9
"416","ftv170",3887,29.1227167481348,"swap_states_probability",10,0.1,100,0.5,0.5,1,1,2,10,0.2,0.5,1.5,0.9
"417","ftv47",2208,19.5652173913043,"swap_states_probability",10,0.1,100,0.5,0.5,1,1,2,10,0.2,0.5,1.5,0.9
"418","ftv70",2461,20.7639171068671,"swap_states_probability",10,0.1,100,0.5,0.5,1,1,2,10,0.2,0.5,1.5,0.9
"419","p43",5674,0.951709552344028,"cooling_rate",10,0.1,100,0.5,0.5,1,1,2,10,0.2,0.1,1.5,0.9
"420","ry48p",16408,12.1038517796197,"cooling_rate",10,0.1,100,0.5,0.5,1,1,2,10,0.2,0.1,1.5,0.9
"421","ftv44",1963,17.8298522669384,"cooling_rate",10,0.1,100,0.5,0.5,1,1,2,10,0.2,0.1,1.5,0.9
"422","ftv64",2453,25.0305748063596,"cooling_rate",10,0.1,100,0.5,0.5,1,1,2,10,0.2,0.1,1.5,0.9
"423","ftv33",1669,22.947872977831,"cooling_rate",10,0.1,100,0.5,0.5,1,1,2,10,0.2,0.1,1.5,0.9
"424","kro124p",46209,21.5953602112143,"cooling_rate",10,0.1,100,0.5,0.5,1,1,2,10,0.2,0.1,1.5,0.9
"425","ftv38",1670,8.38323353293413,"cooling_rate",10,0.1,100,0.5,0.5,1,1,2,10,0.2,0.1,1.5,0.9
"426","ftv55",1984,18.9516129032258,"cooling_rate",10,0.1,100,0.5,0.5,1,1,2,10,0.2,0.1,1.5,0.9
"427","ft53",8454,18.3226874852141,"cooling_rate",10,0.1,100,0.5,0.5,1,1,2,10,0.2,0.1,1.5,0.9
"428","ftv35",1782,17.3400673400673,"cooling_rate",10,0.1,100,0.5,0.5,1,1,2,10,0.2,0.1,1.5,0.9
"429","br17",39,0,"cooling_rate",10,0.1,100,0.5,0.5,1,1,2,10,0.2,0.1,1.5,0.9
"430","rbg323",1730,23.3526011560694,"cooling_rate",10,0.1,100,0.5,0.5,1,1,2,10,0.2,0.1,1.5,0.9
"431","rbg358",1767,34.1822297679683,"cooling_rate",10,0.1,100,0.5,0.5,1,1,2,10,0.2,0.1,1.5,0.9
"432","rbg443",3752,27.5053304904051,"cooling_rate",10,0.1,100,0.5,0.5,1,1,2,10,0.2,0.1,1.5,0.9
"433","rbg403",3520,29.9715909090909,"cooling_rate",10,0.1,100,0.5,0.5,1,1,2,10,0.2,0.1,1.5,0.9
"434","ft70",42569,9.15219995771571,"cooling_rate",10,0.1,100,0.5,0.5,1,1,2,10,0.2,0.1,1.5,0.9
"435","ftv170",3887,29.1227167481348,"cooling_rate",10,0.1,100,0.5,0.5,1,1,2,10,0.2,0.1,1.5,0.9
"436","ftv47",2300,22.7826086956522,"cooling_rate",10,0.1,100,0.5,0.5,1,1,2,10,0.2,0.1,1.5,0.9
"437","ftv70",2520,22.6190476190476,"cooling_rate",10,0.1,100,0.5,0.5,1,1,2,10,0.2,0.1,1.5,0.9
"438","p43",5666,0.811860218849276,"cooling_rate",10,0.1,100,0.5,0.5,1,1,2,10,0.2,0.1,1.5,0.92
"439","ry48p",16255,11.2765302983697,"cooling_rate",10,0.1,100,0.5,0.5,1,1,2,10,0.2,0.1,1.5,0.92
"440","ftv44",1989,18.9039718451483,"cooling_rate",10,0.1,100,0.5,0.5,1,1,2,10,0.2,0.1,1.5,0.92
"441","ftv64",2554,27.9953014878622,"cooling_rate",10,0.1,100,0.5,0.5,1,1,2,10,0.2,0.1,1.5,0.92
"442","ftv33",1536,16.2760416666667,"cooling_rate",10,0.1,100,0.5,0.5,1,1,2,10,0.2,0.1,1.5,0.92
"443","kro124p",46265,21.6902626175295,"cooling_rate",10,0.1,100,0.5,0.5,1,1,2,10,0.2,0.1,1.5,0.92
"444","ftv38",1662,7.94223826714801,"cooling_rate",10,0.1,100,0.5,0.5,1,1,2,10,0.2,0.1,1.5,0.92
"445","ftv55",1930,16.6839378238342,"cooling_rate",10,0.1,100,0.5,0.5,1,1,2,10,0.2,0.1,1.5,0.92
"446","ft53",8597,19.6812841688961,"cooling_rate",10,0.1,100,0.5,0.5,1,1,2,10,0.2,0.1,1.5,0.92
"447","ftv35",1731,14.9046793760832,"cooling_rate",10,0.1,100,0.5,0.5,1,1,2,10,0.2,0.1,1.5,0.92
"448","br17",39,0,"cooling_rate",10,0.1,100,0.5,0.5,1,1,2,10,0.2,0.1,1.5,0.92
"449","rbg323",1731,23.3968804159445,"cooling_rate",10,0.1,100,0.5,0.5,1,1,2,10,0.2,0.1,1.5,0.92
"450","rbg358",1800,35.3888888888889,"cooling_rate",10,0.1,100,0.5,0.5,1,1,2,10,0.2,0.1,1.5,0.92
"451","rbg443",3832,29.0187891440501,"cooling_rate",10,0.1,100,0.5,0.5,1,1,2,10,0.2,0.1,1.5,0.92
"452","rbg403",3528,30.1303854875283,"cooling_rate",10,0.1,100,0.5,0.5,1,1,2,10,0.2,0.1,1.5,0.92
"453","ft70",42405,8.80084895649098,"cooling_rate",10,0.1,100,0.5,0.5,1,1,2,10,0.2,0.1,1.5,0.92
"454","ftv170",3887,29.1227167481348,"cooling_rate",10,0.1,100,0.5,0.5,1,1,2,10,0.2,0.1,1.5,0.92
"455","ftv47",2278,22.0368744512731,"cooling_rate",10,0.1,100,0.5,0.5,1,1,2,10,0.2,0.1,1.5,0.92
"456","ftv70",2477,21.2757367783609,"cooling_rate",10,0.1,100,0.5,0.5,1,1,2,10,0.2,0.1,1.5,0.92
"457","p43",5651,0.548575473367535,"cooling_rate",10,0.1,100,0.5,0.5,1,1,2,10,0.2,0.1,1.5,0.94
"458","ry48p",16315,11.6028194912657,"cooling_rate",10,0.1,100,0.5,0.5,1,1,2,10,0.2,0.1,1.5,0.94
"459","ftv44",1974,18.2877406281662,"cooling_rate",10,0.1,100,0.5,0.5,1,1,2,10,0.2,0.1,1.5,0.94
"460","ftv64",2605,29.404990403071,"cooling_rate",10,0.1,100,0.5,0.5,1,1,2,10,0.2,0.1,1.5,0.94
"461","ftv33",1538,16.3849154746424,"cooling_rate",10,0.1,100,0.5,0.5,1,1,2,10,0.2,0.1,1.5,0.94
"462","kro124p",46225,21.6224986479178,"cooling_rate",10,0.1,100,0.5,0.5,1,1,2,10,0.2,0.1,1.5,0.94
"463","ftv38",1683,9.09090909090909,"cooling_rate",10,0.1,100,0.5,0.5,1,1,2,10,0.2,0.1,1.5,0.94
"464","ftv55",1961,18.0010198878123,"cooling_rate",10,0.1,100,0.5,0.5,1,1,2,10,0.2,0.1,1.5,0.94
"465","ft53",8778,21.3374344953292,"cooling_rate",10,0.1,100,0.5,0.5,1,1,2,10,0.2,0.1,1.5,0.94
"466","ftv35",1788,17.6174496644295,"cooling_rate",10,0.1,100,0.5,0.5,1,1,2,10,0.2,0.1,1.5,0.94
"467","br17",39,0,"cooling_rate",10,0.1,100,0.5,0.5,1,1,2,10,0.2,0.1,1.5,0.94
"468","rbg323",1731,23.3968804159445,"cooling_rate",10,0.1,100,0.5,0.5,1,1,2,10,0.2,0.1,1.5,0.94
"469","rbg358",1784,34.8094170403588,"cooling_rate",10,0.1,100,0.5,0.5,1,1,2,10,0.2,0.1,1.5,0.94
"470","rbg443",3869,29.697596278108,"cooling_rate",10,0.1,100,0.5,0.5,1,1,2,10,0.2,0.1,1.5,0.94
"471","rbg403",3488,29.329128440367,"cooling_rate",10,0.1,100,0.5,0.5,1,1,2,10,0.2,0.1,1.5,0.94
"472","ft70",42566,9.14579711506836,"cooling_rate",10,0.1,100,0.5,0.5,1,1,2,10,0.2,0.1,1.5,0.94
"473","ftv170",3884,29.0679711637487,"cooling_rate",10,0.1,100,0.5,0.5,1,1,2,10,0.2,0.1,1.5,0.94
"474","ftv47",2241,20.7496653279786,"cooling_rate",10,0.1,100,0.5,0.5,1,1,2,10,0.2,0.1,1.5,0.94
"475","ftv70",2404,18.8851913477537,"cooling_rate",10,0.1,100,0.5,0.5,1,1,2,10,0.2,0.1,1.5,0.94
"476","p43",5654,0.601344181110719,"cooling_rate",10,0.1,100,0.5,0.5,1,1,2,10,0.2,0.1,1.5,0.96
"477","ry48p",16012,9.93005246065451,"cooling_rate",10,0.1,100,0.5,0.5,1,1,2,10,0.2,0.1,1.5,0.96
"478","ftv44",1891,14.7012162876785,"cooling_rate",10,0.1,100,0.5,0.5,1,1,2,10,0.2,0.1,1.5,0.96
"479","ftv64",2550,27.8823529411765,"cooling_rate",10,0.1,100,0.5,0.5,1,1,2,10,0.2,0.1,1.5,0.96
"480","ftv33",1581,18.6590765338394,"cooling_rate",10,0.1,100,0.5,0.5,1,1,2,10,0.2,0.1,1.5,0.96
"481","kro124p",46089,21.391221332639,"cooling_rate",10,0.1,100,0.5,0.5,1,1,2,10,0.2,0.1,1.5,0.96
"482","ftv38",1683,9.09090909090909,"cooling_rate",10,0.1,100,0.5,0.5,1,1,2,10,0.2,0.1,1.5,0.96
"483","ftv55",1934,16.8562564632885,"cooling_rate",10,0.1,100,0.5,0.5,1,1,2,10,0.2,0.1,1.5,0.96
"484","ft53",9031,23.5411360868121,"cooling_rate",10,0.1,100,0.5,0.5,1,1,2,10,0.2,0.1,1.5,0.96
"485","ftv35",1788,17.6174496644295,"cooling_rate",10,0.1,100,0.5,0.5,1,1,2,10,0.2,0.1,1.5,0.96
"486","br17",39,0,"cooling_rate",10,0.1,100,0.5,0.5,1,1,2,10,0.2,0.1,1.5,0.96
"487","rbg323",1734,23.5294117647059,"cooling_rate",10,0.1,100,0.5,0.5,1,1,2,10,0.2,0.1,1.5,0.96
"488","rbg358",1812,35.8167770419426,"cooling_rate",10,0.1,100,0.5,0.5,1,1,2,10,0.2,0.1,1.5,0.96
"489","rbg443",3879,29.8788347512245,"cooling_rate",10,0.1,100,0.5,0.5,1,1,2,10,0.2,0.1,1.5,0.96
"490","rbg403",3514,29.8520204894707,"cooling_rate",10,0.1,100,0.5,0.5,1,1,2,10,0.2,0.1,1.5,0.96
"491","ft70",42437,8.86961849329595,"cooling_rate",10,0.1,100,0.5,0.5,1,1,2,10,0.2,0.1,1.5,0.96
"492","ftv170",3846,28.3671346853874,"cooling_rate",10,0.1,100,0.5,0.5,1,1,2,10,0.2,0.1,1.5,0.96
"493","ftv47",2181,18.5694635488308,"cooling_rate",10,0.1,100,0.5,0.5,1,1,2,10,0.2,0.1,1.5,0.96
"494","ftv70",2392,18.4782608695652,"cooling_rate",10,0.1,100,0.5,0.5,1,1,2,10,0.2,0.1,1.5,0.96
"495","p43",5702,1.4380918975798,"cooling_rate",10,0.1,100,0.5,0.5,1,1,2,10,0.2,0.1,1.5,0.98
"496","ry48p",16378,11.9428501648553,"cooling_rate",10,0.1,100,0.5,0.5,1,1,2,10,0.2,0.1,1.5,0.98
"497","ftv44",1967,17.9969496695475,"cooling_rate",10,0.1,100,0.5,0.5,1,1,2,10,0.2,0.1,1.5,0.98
"498","ftv64",2527,27.2259596359319,"cooling_rate",10,0.1,100,0.5,0.5,1,1,2,10,0.2,0.1,1.5,0.98
"499","ftv33",1460,11.9178082191781,"cooling_rate",10,0.1,100,0.5,0.5,1,1,2,10,0.2,0.1,1.5,0.98
"500","kro124p",45683,20.6925989974389,"cooling_rate",10,0.1,100,0.5,0.5,1,1,2,10,0.2,0.1,1.5,0.98
"501","ftv38",1624,5.78817733990148,"cooling_rate",10,0.1,100,0.5,0.5,1,1,2,10,0.2,0.1,1.5,0.98
"502","ftv55",1987,19.073980875692,"cooling_rate",10,0.1,100,0.5,0.5,1,1,2,10,0.2,0.1,1.5,0.98
"503","ft53",8573,19.4564329872857,"cooling_rate",10,0.1,100,0.5,0.5,1,1,2,10,0.2,0.1,1.5,0.98
"504","ftv35",1643,10.3469263542301,"cooling_rate",10,0.1,100,0.5,0.5,1,1,2,10,0.2,0.1,1.5,0.98
"505","br17",39,0,"cooling_rate",10,0.1,100,0.5,0.5,1,1,2,10,0.2,0.1,1.5,0.98
"506","rbg323",1734,23.5294117647059,"cooling_rate",10,0.1,100,0.5,0.5,1,1,2,10,0.2,0.1,1.5,0.98
"507","rbg358",1812,35.8167770419426,"cooling_rate",10,0.1,100,0.5,0.5,1,1,2,10,0.2,0.1,1.5,0.98
"508","rbg443",3887,30.0231541034217,"cooling_rate",10,0.1,100,0.5,0.5,1,1,2,10,0.2,0.1,1.5,0.98
"509","rbg403",3522,30.0113571834185,"cooling_rate",10,0.1,100,0.5,0.5,1,1,2,10,0.2,0.1,1.5,0.98
"510","ft70",42086,8.10958513519935,"cooling_rate",10,0.1,100,0.5,0.5,1,1,2,10,0.2,0.1,1.5,0.98
"511","ftv170",3887,29.1227167481348,"cooling_rate",10,0.1,100,0.5,0.5,1,1,2,10,0.2,0.1,1.5,0.98
"512","ftv47",2199,19.2360163710778,"cooling_rate",10,0.1,100,0.5,0.5,1,1,2,10,0.2,0.1,1.5,0.98
"513","ftv70",2524,22.7416798732171,"cooling_rate",10,0.1,100,0.5,0.5,1,1,2,10,0.2,0.1,1.5,0.98
