Problem,Solution Length,Worse Rate,Parametr changed,n,min_temperature,max_temperature,probability_of_shuffle,probability_of_heuristic,a,b,duration_of_execution_in_seconds,k,max_length_percent_of_cycle,swap_states_probability,closeness,cooling_rate
p43,5649,-0.5133651973800681,probability_of_shuffle,10,0.1,100,0.1,0.5,1,2,2,10,0.2,0.1,1.5,0.9
ry48p,16376,-11.932095749877874,probability_of_shuffle,10,0.1,100,0.1,0.5,1,2,2,10,0.2,0.1,1.5,0.9
ftv44,2003,-19.470793809286064,probability_of_shuffle,10,0.1,100,0.1,0.5,1,2,2,10,0.2,0.1,1.5,0.9
ftv64,2509,-26.703866082104426,probability_of_shuffle,10,0.1,100,0.1,0.5,1,2,2,10,0.2,0.1,1.5,0.9
ftv33,1565,-17.82747603833866,probability_of_shuffle,10,0.1,100,0.1,0.5,1,2,2,10,0.2,0.1,1.5,0.9
kro124p,46809,-22.60035463265612,probability_of_shuffle,10,0.1,100,0.1,0.5,1,2,2,10,0.2,0.1,1.5,0.9
ftv38,1633,-6.307409675443964,probability_of_shuffle,10,0.1,100,0.1,0.5,1,2,2,10,0.2,0.1,1.5,0.9
ftv55,1959,-17.91730474732006,probability_of_shuffle,10,0.1,100,0.1,0.5,1,2,2,10,0.2,0.1,1.5,0.9
ft53,8787,-21.418003869352447,probability_of_shuffle,10,0.1,100,0.1,0.5,1,2,2,10,0.2,0.1,1.5,0.9
ftv35,1788,-17.61744966442953,probability_of_shuffle,10,0.1,100,0.1,0.5,1,2,2,10,0.2,0.1,1.5,0.9
br17,39,0.0,probability_of_shuffle,10,0.1,100,0.1,0.5,1,2,2,10,0.2,0.1,1.5,0.9
rbg323,1716,-22.727272727272734,probability_of_shuffle,10,0.1,100,0.1,0.5,1,2,2,10,0.2,0.1,1.5,0.9
rbg358,1774,-34.44193912063133,probability_of_shuffle,10,0.1,100,0.1,0.5,1,2,2,10,0.2,0.1,1.5,0.9
rbg443,3725,-26.979865771812086,probability_of_shuffle,10,0.1,100,0.1,0.5,1,2,2,10,0.2,0.1,1.5,0.9
rbg403,3427,-28.071199299679023,probability_of_shuffle,10,0.1,100,0.1,0.5,1,2,2,10,0.2,0.1,1.5,0.9
ft70,42806,-9.655188524973141,probability_of_shuffle,10,0.1,100,0.1,0.5,1,2,2,10,0.2,0.1,1.5,0.9
ftv170,3846,-28.367134685387413,probability_of_shuffle,10,0.1,100,0.1,0.5,1,2,2,10,0.2,0.1,1.5,0.9
ftv47,2139,-16.970546984572238,probability_of_shuffle,10,0.1,100,0.1,0.5,1,2,2,10,0.2,0.1,1.5,0.9
ftv70,2368,-17.65202702702703,probability_of_shuffle,10,0.1,100,0.1,0.5,1,2,2,10,0.2,0.1,1.5,0.9
p43,5666,-0.8118602188492758,probability_of_shuffle,10,0.1,100,0.2,0.5,1,2,2,10,0.2,0.1,1.5,0.9
ry48p,16562,-12.921144789276667,probability_of_shuffle,10,0.1,100,0.2,0.5,1,2,2,10,0.2,0.1,1.5,0.9
ftv44,1958,-17.6200204290092,probability_of_shuffle,10,0.1,100,0.2,0.5,1,2,2,10,0.2,0.1,1.5,0.9
ftv64,2468,-25.48622366288494,probability_of_shuffle,10,0.1,100,0.2,0.5,1,2,2,10,0.2,0.1,1.5,0.9
ftv33,1513,-15.003304692663576,probability_of_shuffle,10,0.1,100,0.2,0.5,1,2,2,10,0.2,0.1,1.5,0.9
kro124p,45950,-21.153427638737753,probability_of_shuffle,10,0.1,100,0.2,0.5,1,2,2,10,0.2,0.1,1.5,0.9
ftv38,1664,-8.052884615384613,probability_of_shuffle,10,0.1,100,0.2,0.5,1,2,2,10,0.2,0.1,1.5,0.9
ftv55,1981,-18.828874305906112,probability_of_shuffle,10,0.1,100,0.2,0.5,1,2,2,10,0.2,0.1,1.5,0.9
ft53,9070,-23.869900771775093,probability_of_shuffle,10,0.1,100,0.2,0.5,1,2,2,10,0.2,0.1,1.5,0.9
ftv35,1788,-17.61744966442953,probability_of_shuffle,10,0.1,100,0.2,0.5,1,2,2,10,0.2,0.1,1.5,0.9
br17,39,0.0,probability_of_shuffle,10,0.1,100,0.2,0.5,1,2,2,10,0.2,0.1,1.5,0.9
rbg323,1734,-23.529411764705884,probability_of_shuffle,10,0.1,100,0.2,0.5,1,2,2,10,0.2,0.1,1.5,0.9
rbg358,1808,-35.674778761061944,probability_of_shuffle,10,0.1,100,0.2,0.5,1,2,2,10,0.2,0.1,1.5,0.9
rbg443,3922,-30.647628760836312,probability_of_shuffle,10,0.1,100,0.2,0.5,1,2,2,10,0.2,0.1,1.5,0.9
rbg403,3509,-29.752066115702476,probability_of_shuffle,10,0.1,100,0.2,0.5,1,2,2,10,0.2,0.1,1.5,0.9
ft70,42325,-8.628470171293557,probability_of_shuffle,10,0.1,100,0.2,0.5,1,2,2,10,0.2,0.1,1.5,0.9
ftv170,3882,-29.031427099433287,probability_of_shuffle,10,0.1,100,0.2,0.5,1,2,2,10,0.2,0.1,1.5,0.9
ftv47,2234,-20.501342882721573,probability_of_shuffle,10,0.1,100,0.2,0.5,1,2,2,10,0.2,0.1,1.5,0.9
ftv70,2381,-18.101637967240663,probability_of_shuffle,10,0.1,100,0.2,0.5,1,2,2,10,0.2,0.1,1.5,0.9
p43,5654,-0.6013441811107185,probability_of_shuffle,10,0.1,100,0.3,0.5,1,2,2,10,0.2,0.1,1.5,0.9
ry48p,16466,-12.413458034738241,probability_of_shuffle,10,0.1,100,0.3,0.5,1,2,2,10,0.2,0.1,1.5,0.9
ftv44,1972,-18.20486815415822,probability_of_shuffle,10,0.1,100,0.3,0.5,1,2,2,10,0.2,0.1,1.5,0.9
ftv64,2550,-27.882352941176464,probability_of_shuffle,10,0.1,100,0.3,0.5,1,2,2,10,0.2,0.1,1.5,0.9
ftv33,1527,-15.782580222658808,probability_of_shuffle,10,0.1,100,0.3,0.5,1,2,2,10,0.2,0.1,1.5,0.9
kro124p,46685,-22.394773481846414,probability_of_shuffle,10,0.1,100,0.3,0.5,1,2,2,10,0.2,0.1,1.5,0.9
ftv38,1679,-8.874329958308508,probability_of_shuffle,10,0.1,100,0.3,0.5,1,2,2,10,0.2,0.1,1.5,0.9
ftv55,1910,-15.811518324607334,probability_of_shuffle,10,0.1,100,0.3,0.5,1,2,2,10,0.2,0.1,1.5,0.9
ft53,8800,-21.534090909090907,probability_of_shuffle,10,0.1,100,0.3,0.5,1,2,2,10,0.2,0.1,1.5,0.9
ftv35,1755,-16.068376068376068,probability_of_shuffle,10,0.1,100,0.3,0.5,1,2,2,10,0.2,0.1,1.5,0.9
br17,39,0.0,probability_of_shuffle,10,0.1,100,0.3,0.5,1,2,2,10,0.2,0.1,1.5,0.9
rbg323,1713,-22.591943957968468,probability_of_shuffle,10,0.1,100,0.3,0.5,1,2,2,10,0.2,0.1,1.5,0.9
rbg358,1812,-35.8167770419426,probability_of_shuffle,10,0.1,100,0.3,0.5,1,2,2,10,0.2,0.1,1.5,0.9
rbg443,3722,-26.921010209564756,probability_of_shuffle,10,0.1,100,0.3,0.5,1,2,2,10,0.2,0.1,1.5,0.9
rbg403,3535,-30.26874115983027,probability_of_shuffle,10,0.1,100,0.3,0.5,1,2,2,10,0.2,0.1,1.5,0.9
ft70,42403,-8.796547414098058,probability_of_shuffle,10,0.1,100,0.3,0.5,1,2,2,10,0.2,0.1,1.5,0.9
ftv170,3887,-29.12271674813482,probability_of_shuffle,10,0.1,100,0.3,0.5,1,2,2,10,0.2,0.1,1.5,0.9
ftv47,2235,-20.536912751677846,probability_of_shuffle,10,0.1,100,0.3,0.5,1,2,2,10,0.2,0.1,1.5,0.9
ftv70,2433,-19.852034525277446,probability_of_shuffle,10,0.1,100,0.3,0.5,1,2,2,10,0.2,0.1,1.5,0.9
p43,5666,-0.8118602188492758,probability_of_shuffle,10,0.1,100,0.4,0.5,1,2,2,10,0.2,0.1,1.5,0.9
ry48p,16292,-11.478026025042965,probability_of_shuffle,10,0.1,100,0.4,0.5,1,2,2,10,0.2,0.1,1.5,0.9
ftv44,2003,-19.470793809286064,probability_of_shuffle,10,0.1,100,0.4,0.5,1,2,2,10,0.2,0.1,1.5,0.9
ftv64,2587,-28.91379976807113,probability_of_shuffle,10,0.1,100,0.4,0.5,1,2,2,10,0.2,0.1,1.5,0.9
ftv33,1572,-18.19338422391857,probability_of_shuffle,10,0.1,100,0.4,0.5,1,2,2,10,0.2,0.1,1.5,0.9
kro124p,46190,-21.56310889802988,probability_of_shuffle,10,0.1,100,0.4,0.5,1,2,2,10,0.2,0.1,1.5,0.9
ftv38,1744,-12.27064220183486,probability_of_shuffle,10,0.1,100,0.4,0.5,1,2,2,10,0.2,0.1,1.5,0.9
ftv55,1981,-18.828874305906112,probability_of_shuffle,10,0.1,100,0.4,0.5,1,2,2,10,0.2,0.1,1.5,0.9
ft53,8640,-20.08101851851852,probability_of_shuffle,10,0.1,100,0.4,0.5,1,2,2,10,0.2,0.1,1.5,0.9
ftv35,1755,-16.068376068376068,probability_of_shuffle,10,0.1,100,0.4,0.5,1,2,2,10,0.2,0.1,1.5,0.9
br17,39,0.0,probability_of_shuffle,10,0.1,100,0.4,0.5,1,2,2,10,0.2,0.1,1.5,0.9
rbg323,1732,-23.441108545034638,probability_of_shuffle,10,0.1,100,0.4,0.5,1,2,2,10,0.2,0.1,1.5,0.9
rbg358,1789,-34.99161542761318,probability_of_shuffle,10,0.1,100,0.4,0.5,1,2,2,10,0.2,0.1,1.5,0.9
rbg443,3761,-27.67880882743951,probability_of_shuffle,10,0.1,100,0.4,0.5,1,2,2,10,0.2,0.1,1.5,0.9
rbg403,3535,-30.26874115983027,probability_of_shuffle,10,0.1,100,0.4,0.5,1,2,2,10,0.2,0.1,1.5,0.9
ft70,42046,-8.022166198924978,probability_of_shuffle,10,0.1,100,0.4,0.5,1,2,2,10,0.2,0.1,1.5,0.9
ftv170,3807,-27.633307065931177,probability_of_shuffle,10,0.1,100,0.4,0.5,1,2,2,10,0.2,0.1,1.5,0.9
ftv47,2283,-22.207621550591327,probability_of_shuffle,10,0.1,100,0.4,0.5,1,2,2,10,0.2,0.1,1.5,0.9
ftv70,2419,-19.388176932616787,probability_of_shuffle,10,0.1,100,0.4,0.5,1,2,2,10,0.2,0.1,1.5,0.9
p43,5686,-1.1607456911713,probability_of_shuffle,10,0.1,100,0.5,0.5,1,2,2,10,0.2,0.1,1.5,0.9
ry48p,16413,-12.130628160604402,probability_of_shuffle,10,0.1,100,0.5,0.5,1,2,2,10,0.2,0.1,1.5,0.9
ftv44,2003,-19.470793809286064,probability_of_shuffle,10,0.1,100,0.5,0.5,1,2,2,10,0.2,0.1,1.5,0.9
ftv64,2516,-26.90779014308427,probability_of_shuffle,10,0.1,100,0.5,0.5,1,2,2,10,0.2,0.1,1.5,0.9
ftv33,1555,-17.299035369774913,probability_of_shuffle,10,0.1,100,0.5,0.5,1,2,2,10,0.2,0.1,1.5,0.9
kro124p,46358,-21.847361836144785,probability_of_shuffle,10,0.1,100,0.5,0.5,1,2,2,10,0.2,0.1,1.5,0.9
ftv38,1679,-8.874329958308508,probability_of_shuffle,10,0.1,100,0.5,0.5,1,2,2,10,0.2,0.1,1.5,0.9
ftv55,1988,-19.11468812877264,probability_of_shuffle,10,0.1,100,0.5,0.5,1,2,2,10,0.2,0.1,1.5,0.9
ft53,9091,-24.045759542404582,probability_of_shuffle,10,0.1,100,0.5,0.5,1,2,2,10,0.2,0.1,1.5,0.9
ftv35,1788,-17.61744966442953,probability_of_shuffle,10,0.1,100,0.5,0.5,1,2,2,10,0.2,0.1,1.5,0.9
br17,39,0.0,probability_of_shuffle,10,0.1,100,0.5,0.5,1,2,2,10,0.2,0.1,1.5,0.9
rbg323,1727,-23.219455703532134,probability_of_shuffle,10,0.1,100,0.5,0.5,1,2,2,10,0.2,0.1,1.5,0.9
rbg358,1812,-35.8167770419426,probability_of_shuffle,10,0.1,100,0.5,0.5,1,2,2,10,0.2,0.1,1.5,0.9
rbg443,3904,-30.32786885245902,probability_of_shuffle,10,0.1,100,0.5,0.5,1,2,2,10,0.2,0.1,1.5,0.9
rbg403,3497,-29.51100943665999,probability_of_shuffle,10,0.1,100,0.5,0.5,1,2,2,10,0.2,0.1,1.5,0.9
ft70,42565,-9.143662633619172,probability_of_shuffle,10,0.1,100,0.5,0.5,1,2,2,10,0.2,0.1,1.5,0.9
ftv170,3887,-29.12271674813482,probability_of_shuffle,10,0.1,100,0.5,0.5,1,2,2,10,0.2,0.1,1.5,0.9
ftv47,2260,-21.415929203539818,probability_of_shuffle,10,0.1,100,0.5,0.5,1,2,2,10,0.2,0.1,1.5,0.9
ftv70,2490,-21.686746987951807,probability_of_shuffle,10,0.1,100,0.5,0.5,1,2,2,10,0.2,0.1,1.5,0.9
p43,5655,-0.6189213085764749,probability_of_shuffle,10,0.1,100,0.6,0.5,1,2,2,10,0.2,0.1,1.5,0.9
ry48p,16580,-13.01568154402895,probability_of_shuffle,10,0.1,100,0.6,0.5,1,2,2,10,0.2,0.1,1.5,0.9
ftv44,2003,-19.470793809286064,probability_of_shuffle,10,0.1,100,0.6,0.5,1,2,2,10,0.2,0.1,1.5,0.9
ftv64,2550,-27.882352941176464,probability_of_shuffle,10,0.1,100,0.6,0.5,1,2,2,10,0.2,0.1,1.5,0.9
ftv33,1536,-16.276041666666657,probability_of_shuffle,10,0.1,100,0.6,0.5,1,2,2,10,0.2,0.1,1.5,0.9
kro124p,46591,-22.23820051082828,probability_of_shuffle,10,0.1,100,0.6,0.5,1,2,2,10,0.2,0.1,1.5,0.9
ftv38,1664,-8.052884615384613,probability_of_shuffle,10,0.1,100,0.6,0.5,1,2,2,10,0.2,0.1,1.5,0.9
ftv55,2011,-20.039781203381395,probability_of_shuffle,10,0.1,100,0.6,0.5,1,2,2,10,0.2,0.1,1.5,0.9
ft53,8928,-22.659050179211476,probability_of_shuffle,10,0.1,100,0.6,0.5,1,2,2,10,0.2,0.1,1.5,0.9
ftv35,1730,-14.855491329479761,probability_of_shuffle,10,0.1,100,0.6,0.5,1,2,2,10,0.2,0.1,1.5,0.9
br17,39,0.0,probability_of_shuffle,10,0.1,100,0.6,0.5,1,2,2,10,0.2,0.1,1.5,0.9
rbg323,1709,-22.41076653013458,probability_of_shuffle,10,0.1,100,0.6,0.5,1,2,2,10,0.2,0.1,1.5,0.9
rbg358,1783,-34.77285473920358,probability_of_shuffle,10,0.1,100,0.6,0.5,1,2,2,10,0.2,0.1,1.5,0.9
rbg443,3865,-29.6248382923674,probability_of_shuffle,10,0.1,100,0.6,0.5,1,2,2,10,0.2,0.1,1.5,0.9
rbg403,3444,-28.426248548199766,probability_of_shuffle,10,0.1,100,0.6,0.5,1,2,2,10,0.2,0.1,1.5,0.9
ft70,42202,-8.362162930666798,probability_of_shuffle,10,0.1,100,0.6,0.5,1,2,2,10,0.2,0.1,1.5,0.9
ftv170,3882,-29.031427099433287,probability_of_shuffle,10,0.1,100,0.6,0.5,1,2,2,10,0.2,0.1,1.5,0.9
ftv47,2321,-23.481258078414484,probability_of_shuffle,10,0.1,100,0.6,0.5,1,2,2,10,0.2,0.1,1.5,0.9
ftv70,2377,-17.96381994110223,probability_of_shuffle,10,0.1,100,0.6,0.5,1,2,2,10,0.2,0.1,1.5,0.9
p43,5691,-1.247583904410476,probability_of_heuristic,10,0.1,100,0.5,0.1,1,2,2,10,0.2,0.1,1.5,0.9
ry48p,16618,-13.214586592851134,probability_of_heuristic,10,0.1,100,0.5,0.1,1,2,2,10,0.2,0.1,1.5,0.9
ftv44,1952,-17.366803278688522,probability_of_heuristic,10,0.1,100,0.5,0.1,1,2,2,10,0.2,0.1,1.5,0.9
ftv64,3421,-46.24378836597486,probability_of_heuristic,10,0.1,100,0.5,0.1,1,2,2,10,0.2,0.1,1.5,0.9
ftv33,1568,-17.984693877551024,probability_of_heuristic,10,0.1,100,0.5,0.1,1,2,2,10,0.2,0.1,1.5,0.9
kro124p,46828,-22.631758776800197,probability_of_heuristic,10,0.1,100,0.5,0.1,1,2,2,10,0.2,0.1,1.5,0.9
ftv38,1683,-9.090909090909093,probability_of_heuristic,10,0.1,100,0.5,0.1,1,2,2,10,0.2,0.1,1.5,0.9
ftv55,1913,-15.943544171458441,probability_of_heuristic,10,0.1,100,0.5,0.1,1,2,2,10,0.2,0.1,1.5,0.9
ft53,10527,-34.406763560368574,probability_of_heuristic,10,0.1,100,0.5,0.1,1,2,2,10,0.2,0.1,1.5,0.9
ftv35,1788,-17.61744966442953,probability_of_heuristic,10,0.1,100,0.5,0.1,1,2,2,10,0.2,0.1,1.5,0.9
br17,41,-4.878048780487802,probability_of_heuristic,10,0.1,100,0.5,0.1,1,2,2,10,0.2,0.1,1.5,0.9
rbg323,1734,-23.529411764705884,probability_of_heuristic,10,0.1,100,0.5,0.1,1,2,2,10,0.2,0.1,1.5,0.9
rbg358,4022,-71.08403779214322,probability_of_heuristic,10,0.1,100,0.5,0.1,1,2,2,10,0.2,0.1,1.5,0.9
rbg443,3922,-30.647628760836312,probability_of_heuristic,10,0.1,100,0.5,0.1,1,2,2,10,0.2,0.1,1.5,0.9
rbg403,3394,-27.3718326458456,probability_of_heuristic,10,0.1,100,0.5,0.1,1,2,2,10,0.2,0.1,1.5,0.9
ft70,42402,-8.794396490731572,probability_of_heuristic,10,0.1,100,0.5,0.1,1,2,2,10,0.2,0.1,1.5,0.9
ftv170,11999,-77.03975331277607,probability_of_heuristic,10,0.1,100,0.5,0.1,1,2,2,10,0.2,0.1,1.5,0.9
ftv47,2274,-21.899736147757253,probability_of_heuristic,10,0.1,100,0.5,0.1,1,2,2,10,0.2,0.1,1.5,0.9
ftv70,2467,-20.95662748277259,probability_of_heuristic,10,0.1,100,0.5,0.1,1,2,2,10,0.2,0.1,1.5,0.9
p43,5684,-1.1259676284306863,probability_of_heuristic,10,0.1,100,0.5,0.2,1,2,2,10,0.2,0.1,1.5,0.9
ry48p,20220,-28.674579624134523,probability_of_heuristic,10,0.1,100,0.5,0.2,1,2,2,10,0.2,0.1,1.5,0.9
ftv44,2411,-33.098299460804654,probability_of_heuristic,10,0.1,100,0.5,0.2,1,2,2,10,0.2,0.1,1.5,0.9
ftv64,2523,-27.11058263971462,probability_of_heuristic,10,0.1,100,0.5,0.2,1,2,2,10,0.2,0.1,1.5,0.9
ftv33,1571,-18.14131126670911,probability_of_heuristic,10,0.1,100,0.5,0.2,1,2,2,10,0.2,0.1,1.5,0.9
kro124p,85832,-57.78963556715444,probability_of_heuristic,10,0.1,100,0.5,0.2,1,2,2,10,0.2,0.1,1.5,0.9
ftv38,1670,-8.383233532934128,probability_of_heuristic,10,0.1,100,0.5,0.2,1,2,2,10,0.2,0.1,1.5,0.9
ftv55,1967,-18.251143873919673,probability_of_heuristic,10,0.1,100,0.5,0.2,1,2,2,10,0.2,0.1,1.5,0.9
ft53,9090,-24.037403740374046,probability_of_heuristic,10,0.1,100,0.5,0.2,1,2,2,10,0.2,0.1,1.5,0.9
ftv35,1788,-17.61744966442953,probability_of_heuristic,10,0.1,100,0.5,0.2,1,2,2,10,0.2,0.1,1.5,0.9
br17,39,0.0,probability_of_heuristic,10,0.1,100,0.5,0.2,1,2,2,10,0.2,0.1,1.5,0.9
rbg323,1734,-23.529411764705884,probability_of_heuristic,10,0.1,100,0.5,0.2,1,2,2,10,0.2,0.1,1.5,0.9
rbg358,1797,-35.28102392877017,probability_of_heuristic,10,0.1,100,0.5,0.2,1,2,2,10,0.2,0.1,1.5,0.9
rbg443,5567,-51.140650260463445,probability_of_heuristic,10,0.1,100,0.5,0.2,1,2,2,10,0.2,0.1,1.5,0.9
rbg403,3535,-30.26874115983027,probability_of_heuristic,10,0.1,100,0.5,0.2,1,2,2,10,0.2,0.1,1.5,0.9
ft70,42689,-9.407575722082967,probability_of_heuristic,10,0.1,100,0.5,0.2,1,2,2,10,0.2,0.1,1.5,0.9
ftv170,3857,-28.57142857142857,probability_of_heuristic,10,0.1,100,0.5,0.2,1,2,2,10,0.2,0.1,1.5,0.9
ftv47,2278,-22.03687445127305,probability_of_heuristic,10,0.1,100,0.5,0.2,1,2,2,10,0.2,0.1,1.5,0.9
ftv70,2487,-21.592279855247284,probability_of_heuristic,10,0.1,100,0.5,0.2,1,2,2,10,0.2,0.1,1.5,0.9
p43,5684,-1.1259676284306863,probability_of_heuristic,10,0.1,100,0.5,0.3,1,2,2,10,0.2,0.1,1.5,0.9
ry48p,16604,-13.141411708022162,probability_of_heuristic,10,0.1,100,0.5,0.3,1,2,2,10,0.2,0.1,1.5,0.9
ftv44,1963,-17.82985226693836,probability_of_heuristic,10,0.1,100,0.5,0.3,1,2,2,10,0.2,0.1,1.5,0.9
ftv64,2550,-27.882352941176464,probability_of_heuristic,10,0.1,100,0.5,0.3,1,2,2,10,0.2,0.1,1.5,0.9
ftv33,1540,-16.493506493506487,probability_of_heuristic,10,0.1,100,0.5,0.3,1,2,2,10,0.2,0.1,1.5,0.9
kro124p,46857,-22.679642315982676,probability_of_heuristic,10,0.1,100,0.5,0.3,1,2,2,10,0.2,0.1,1.5,0.9
ftv38,1666,-8.16326530612244,probability_of_heuristic,10,0.1,100,0.5,0.3,1,2,2,10,0.2,0.1,1.5,0.9
ftv55,2011,-20.039781203381395,probability_of_heuristic,10,0.1,100,0.5,0.3,1,2,2,10,0.2,0.1,1.5,0.9
ft53,8912,-22.52019748653501,probability_of_heuristic,10,0.1,100,0.5,0.3,1,2,2,10,0.2,0.1,1.5,0.9
ftv35,1788,-17.61744966442953,probability_of_heuristic,10,0.1,100,0.5,0.3,1,2,2,10,0.2,0.1,1.5,0.9
br17,39,0.0,probability_of_heuristic,10,0.1,100,0.5,0.3,1,2,2,10,0.2,0.1,1.5,0.9
rbg323,1734,-23.529411764705884,probability_of_heuristic,10,0.1,100,0.5,0.3,1,2,2,10,0.2,0.1,1.5,0.9
rbg358,1812,-35.8167770419426,probability_of_heuristic,10,0.1,100,0.5,0.3,1,2,2,10,0.2,0.1,1.5,0.9
rbg443,3841,-29.18510804478001,probability_of_heuristic,10,0.1,100,0.5,0.3,1,2,2,10,0.2,0.1,1.5,0.9
rbg403,3470,-28.962536023054753,probability_of_heuristic,10,0.1,100,0.5,0.3,1,2,2,10,0.2,0.1,1.5,0.9
ft70,42533,-9.075306232807463,probability_of_heuristic,10,0.1,100,0.5,0.3,1,2,2,10,0.2,0.1,1.5,0.9
ftv170,3923,-29.77313280652561,probability_of_heuristic,10,0.1,100,0.5,0.3,1,2,2,10,0.2,0.1,1.5,0.9
ftv47,2302,-22.84969591659427,probability_of_heuristic,10,0.1,100,0.5,0.3,1,2,2,10,0.2,0.1,1.5,0.9
ftv70,2462,-20.796100731112915,probability_of_heuristic,10,0.1,100,0.5,0.3,1,2,2,10,0.2,0.1,1.5,0.9
p43,5675,-0.969162995594715,probability_of_heuristic,10,0.1,100,0.5,0.4,1,2,2,10,0.2,0.1,1.5,0.9
ry48p,16563,-12.926402221819728,probability_of_heuristic,10,0.1,100,0.5,0.4,1,2,2,10,0.2,0.1,1.5,0.9
ftv44,2003,-19.470793809286064,probability_of_heuristic,10,0.1,100,0.5,0.4,1,2,2,10,0.2,0.1,1.5,0.9
ftv64,2470,-25.54655870445343,probability_of_heuristic,10,0.1,100,0.5,0.4,1,2,2,10,0.2,0.1,1.5,0.9
ftv33,1546,-16.817593790426912,probability_of_heuristic,10,0.1,100,0.5,0.4,1,2,2,10,0.2,0.1,1.5,0.9
kro124p,45861,-21.00041429537079,probability_of_heuristic,10,0.1,100,0.5,0.4,1,2,2,10,0.2,0.1,1.5,0.9
ftv38,1683,-9.090909090909093,probability_of_heuristic,10,0.1,100,0.5,0.4,1,2,2,10,0.2,0.1,1.5,0.9
ftv55,1958,-17.87538304392237,probability_of_heuristic,10,0.1,100,0.5,0.4,1,2,2,10,0.2,0.1,1.5,0.9
ft53,8724,-20.850527281063734,probability_of_heuristic,10,0.1,100,0.5,0.4,1,2,2,10,0.2,0.1,1.5,0.9
ftv35,1791,-17.755443886097154,probability_of_heuristic,10,0.1,100,0.5,0.4,1,2,2,10,0.2,0.1,1.5,0.9
br17,39,0.0,probability_of_heuristic,10,0.1,100,0.5,0.4,1,2,2,10,0.2,0.1,1.5,0.9
rbg323,1734,-23.529411764705884,probability_of_heuristic,10,0.1,100,0.5,0.4,1,2,2,10,0.2,0.1,1.5,0.9
rbg358,1798,-35.317018909899886,probability_of_heuristic,10,0.1,100,0.5,0.4,1,2,2,10,0.2,0.1,1.5,0.9
rbg443,3861,-29.55192955192956,probability_of_heuristic,10,0.1,100,0.5,0.4,1,2,2,10,0.2,0.1,1.5,0.9
rbg403,3495,-29.47067238912733,probability_of_heuristic,10,0.1,100,0.5,0.4,1,2,2,10,0.2,0.1,1.5,0.9
ft70,42441,-8.87820739379373,probability_of_heuristic,10,0.1,100,0.5,0.4,1,2,2,10,0.2,0.1,1.5,0.9
ftv170,3887,-29.12271674813482,probability_of_heuristic,10,0.1,100,0.5,0.4,1,2,2,10,0.2,0.1,1.5,0.9
ftv47,2207,-19.52877208880834,probability_of_heuristic,10,0.1,100,0.5,0.4,1,2,2,10,0.2,0.1,1.5,0.9
ftv70,2440,-20.08196721311475,probability_of_heuristic,10,0.1,100,0.5,0.4,1,2,2,10,0.2,0.1,1.5,0.9
p43,5668,-0.8468595624558901,probability_of_heuristic,10,0.1,100,0.5,0.5,1,2,2,10,0.2,0.1,1.5,0.9
ry48p,16562,-12.921144789276667,probability_of_heuristic,10,0.1,100,0.5,0.5,1,2,2,10,0.2,0.1,1.5,0.9
ftv44,2014,-19.91062562065541,probability_of_heuristic,10,0.1,100,0.5,0.5,1,2,2,10,0.2,0.1,1.5,0.9
ftv64,2426,-24.1962077493817,probability_of_heuristic,10,0.1,100,0.5,0.5,1,2,2,10,0.2,0.1,1.5,0.9
ftv33,1572,-18.19338422391857,probability_of_heuristic,10,0.1,100,0.5,0.5,1,2,2,10,0.2,0.1,1.5,0.9
kro124p,46734,-22.476141567167375,probability_of_heuristic,10,0.1,100,0.5,0.5,1,2,2,10,0.2,0.1,1.5,0.9
ftv38,1687,-9.306461173681086,probability_of_heuristic,10,0.1,100,0.5,0.5,1,2,2,10,0.2,0.1,1.5,0.9
ftv55,1988,-19.11468812877264,probability_of_heuristic,10,0.1,100,0.5,0.5,1,2,2,10,0.2,0.1,1.5,0.9
ft53,8900,-22.415730337078656,probability_of_heuristic,10,0.1,100,0.5,0.5,1,2,2,10,0.2,0.1,1.5,0.9
ftv35,1788,-17.61744966442953,probability_of_heuristic,10,0.1,100,0.5,0.5,1,2,2,10,0.2,0.1,1.5,0.9
br17,39,0.0,probability_of_heuristic,10,0.1,100,0.5,0.5,1,2,2,10,0.2,0.1,1.5,0.9
rbg323,1734,-23.529411764705884,probability_of_heuristic,10,0.1,100,0.5,0.5,1,2,2,10,0.2,0.1,1.5,0.9
rbg358,1803,-35.49639489739323,probability_of_heuristic,10,0.1,100,0.5,0.5,1,2,2,10,0.2,0.1,1.5,0.9
rbg443,3766,-27.774827403080195,probability_of_heuristic,10,0.1,100,0.5,0.5,1,2,2,10,0.2,0.1,1.5,0.9
rbg403,3466,-28.880553952683215,probability_of_heuristic,10,0.1,100,0.5,0.5,1,2,2,10,0.2,0.1,1.5,0.9
ft70,42535,-9.079581521100266,probability_of_heuristic,10,0.1,100,0.5,0.5,1,2,2,10,0.2,0.1,1.5,0.9
ftv170,3884,-29.067971163748723,probability_of_heuristic,10,0.1,100,0.5,0.5,1,2,2,10,0.2,0.1,1.5,0.9
ftv47,2209,-19.601629696695326,probability_of_heuristic,10,0.1,100,0.5,0.5,1,2,2,10,0.2,0.1,1.5,0.9
ftv70,2402,-18.817651956702747,probability_of_heuristic,10,0.1,100,0.5,0.5,1,2,2,10,0.2,0.1,1.5,0.9
p43,5680,-1.0563380281690087,probability_of_heuristic,10,0.1,100,0.5,0.6,1,2,2,10,0.2,0.1,1.5,0.9
ry48p,16548,-12.847474014986702,probability_of_heuristic,10,0.1,100,0.5,0.6,1,2,2,10,0.2,0.1,1.5,0.9
ftv44,2003,-19.470793809286064,probability_of_heuristic,10,0.1,100,0.5,0.6,1,2,2,10,0.2,0.1,1.5,0.9
ftv64,2530,-27.312252964426875,probability_of_heuristic,10,0.1,100,0.5,0.6,1,2,2,10,0.2,0.1,1.5,0.9
ftv33,1492,-13.806970509383376,probability_of_heuristic,10,0.1,100,0.5,0.6,1,2,2,10,0.2,0.1,1.5,0.9
kro124p,46020,-21.27335940895263,probability_of_heuristic,10,0.1,100,0.5,0.6,1,2,2,10,0.2,0.1,1.5,0.9
ftv38,1664,-8.052884615384613,probability_of_heuristic,10,0.1,100,0.5,0.6,1,2,2,10,0.2,0.1,1.5,0.9
ftv55,1950,-17.538461538461533,probability_of_heuristic,10,0.1,100,0.5,0.6,1,2,2,10,0.2,0.1,1.5,0.9
ft53,8804,-21.569741026806,probability_of_heuristic,10,0.1,100,0.5,0.6,1,2,2,10,0.2,0.1,1.5,0.9
ftv35,1755,-16.068376068376068,probability_of_heuristic,10,0.1,100,0.5,0.6,1,2,2,10,0.2,0.1,1.5,0.9
br17,39,0.0,probability_of_heuristic,10,0.1,100,0.5,0.6,1,2,2,10,0.2,0.1,1.5,0.9
rbg323,1728,-23.263888888888886,probability_of_heuristic,10,0.1,100,0.5,0.6,1,2,2,10,0.2,0.1,1.5,0.9
rbg358,1790,-35.027932960893864,probability_of_heuristic,10,0.1,100,0.5,0.6,1,2,2,10,0.2,0.1,1.5,0.9
rbg443,3848,-29.313929313929307,probability_of_heuristic,10,0.1,100,0.5,0.6,1,2,2,10,0.2,0.1,1.5,0.9
rbg403,3479,-29.1463064098879,probability_of_heuristic,10,0.1,100,0.5,0.6,1,2,2,10,0.2,0.1,1.5,0.9
ft70,42034,-7.995908074415951,probability_of_heuristic,10,0.1,100,0.5,0.6,1,2,2,10,0.2,0.1,1.5,0.9
ftv170,3887,-29.12271674813482,probability_of_heuristic,10,0.1,100,0.5,0.6,1,2,2,10,0.2,0.1,1.5,0.9
ftv47,2276,-21.96836555360281,probability_of_heuristic,10,0.1,100,0.5,0.6,1,2,2,10,0.2,0.1,1.5,0.9
ftv70,2311,-15.620943314582433,probability_of_heuristic,10,0.1,100,0.5,0.6,1,2,2,10,0.2,0.1,1.5,0.9
p43,5681,-1.0737546206653832,a,10,0.1,100,0.5,0.5,4,2,2,10,0.2,0.1,1.5,0.9
ry48p,16562,-12.921144789276667,a,10,0.1,100,0.5,0.5,4,2,2,10,0.2,0.1,1.5,0.9
ftv44,2014,-19.91062562065541,a,10,0.1,100,0.5,0.5,4,2,2,10,0.2,0.1,1.5,0.9
ftv64,2550,-27.882352941176464,a,10,0.1,100,0.5,0.5,4,2,2,10,0.2,0.1,1.5,0.9
ftv33,1586,-18.915510718789406,a,10,0.1,100,0.5,0.5,4,2,2,10,0.2,0.1,1.5,0.9
kro124p,46393,-21.906322074450884,a,10,0.1,100,0.5,0.5,4,2,2,10,0.2,0.1,1.5,0.9
ftv38,1670,-8.383233532934128,a,10,0.1,100,0.5,0.5,4,2,2,10,0.2,0.1,1.5,0.9
ftv55,1973,-18.499746578813998,a,10,0.1,100,0.5,0.5,4,2,2,10,0.2,0.1,1.5,0.9
ft53,8597,-19.681284168896127,a,10,0.1,100,0.5,0.5,4,2,2,10,0.2,0.1,1.5,0.9
ftv35,1788,-17.61744966442953,a,10,0.1,100,0.5,0.5,4,2,2,10,0.2,0.1,1.5,0.9
br17,39,0.0,a,10,0.1,100,0.5,0.5,4,2,2,10,0.2,0.1,1.5,0.9
rbg323,1734,-23.529411764705884,a,10,0.1,100,0.5,0.5,4,2,2,10,0.2,0.1,1.5,0.9
rbg358,1801,-35.4247640199889,a,10,0.1,100,0.5,0.5,4,2,2,10,0.2,0.1,1.5,0.9
rbg443,3874,-29.78833247289623,a,10,0.1,100,0.5,0.5,4,2,2,10,0.2,0.1,1.5,0.9
rbg403,3472,-29.00345622119815,a,10,0.1,100,0.5,0.5,4,2,2,10,0.2,0.1,1.5,0.9
ft70,41859,-7.611266394323806,a,10,0.1,100,0.5,0.5,4,2,2,10,0.2,0.1,1.5,0.9
ftv170,3887,-29.12271674813482,a,10,0.1,100,0.5,0.5,4,2,2,10,0.2,0.1,1.5,0.9
ftv47,2230,-20.35874439461884,a,10,0.1,100,0.5,0.5,4,2,2,10,0.2,0.1,1.5,0.9
ftv70,2425,-19.587628865979383,a,10,0.1,100,0.5,0.5,4,2,2,10,0.2,0.1,1.5,0.9
p43,5680,-1.0563380281690087,a,10,0.1,100,0.5,0.5,2,2,2,10,0.2,0.1,1.5,0.9
ry48p,16347,-11.77586101425338,a,10,0.1,100,0.5,0.5,2,2,2,10,0.2,0.1,1.5,0.9
ftv44,1942,-16.941297631307933,a,10,0.1,100,0.5,0.5,2,2,2,10,0.2,0.1,1.5,0.9
ftv64,2613,-29.62112514351321,a,10,0.1,100,0.5,0.5,2,2,2,10,0.2,0.1,1.5,0.9
ftv33,1625,-20.86153846153846,a,10,0.1,100,0.5,0.5,2,2,2,10,0.2,0.1,1.5,0.9
kro124p,46322,-21.78662406631838,a,10,0.1,100,0.5,0.5,2,2,2,10,0.2,0.1,1.5,0.9
ftv38,1642,-6.820950060901339,a,10,0.1,100,0.5,0.5,2,2,2,10,0.2,0.1,1.5,0.9
ftv55,2011,-20.039781203381395,a,10,0.1,100,0.5,0.5,2,2,2,10,0.2,0.1,1.5,0.9
ft53,9206,-24.994568759504673,a,10,0.1,100,0.5,0.5,2,2,2,10,0.2,0.1,1.5,0.9
ftv35,1788,-17.61744966442953,a,10,0.1,100,0.5,0.5,2,2,2,10,0.2,0.1,1.5,0.9
br17,39,0.0,a,10,0.1,100,0.5,0.5,2,2,2,10,0.2,0.1,1.5,0.9
rbg323,1721,-22.951772225450313,a,10,0.1,100,0.5,0.5,2,2,2,10,0.2,0.1,1.5,0.9
rbg358,1796,-35.24498886414253,a,10,0.1,100,0.5,0.5,2,2,2,10,0.2,0.1,1.5,0.9
rbg443,3853,-29.405657928886583,a,10,0.1,100,0.5,0.5,2,2,2,10,0.2,0.1,1.5,0.9
rbg403,3530,-30.16997167138811,a,10,0.1,100,0.5,0.5,2,2,2,10,0.2,0.1,1.5,0.9
ft70,42575,-9.165002935995304,a,10,0.1,100,0.5,0.5,2,2,2,10,0.2,0.1,1.5,0.9
ftv170,3887,-29.12271674813482,a,10,0.1,100,0.5,0.5,2,2,2,10,0.2,0.1,1.5,0.9
ftv47,2302,-22.84969591659427,a,10,0.1,100,0.5,0.5,2,2,2,10,0.2,0.1,1.5,0.9
ftv70,2435,-19.917864476386043,a,10,0.1,100,0.5,0.5,2,2,2,10,0.2,0.1,1.5,0.9
p43,5691,-1.247583904410476,a,10,0.1,100,0.5,0.5,3,2,2,10,0.2,0.1,1.5,0.9
ry48p,16447,-12.312275794977808,a,10,0.1,100,0.5,0.5,3,2,2,10,0.2,0.1,1.5,0.9
ftv44,2003,-19.470793809286064,a,10,0.1,100,0.5,0.5,3,2,2,10,0.2,0.1,1.5,0.9
ftv64,2544,-27.712264150943398,a,10,0.1,100,0.5,0.5,3,2,2,10,0.2,0.1,1.5,0.9
ftv33,1550,-17.032258064516128,a,10,0.1,100,0.5,0.5,3,2,2,10,0.2,0.1,1.5,0.9
kro124p,46268,-21.69534019192531,a,10,0.1,100,0.5,0.5,3,2,2,10,0.2,0.1,1.5,0.9
ftv38,1733,-11.713791113675711,a,10,0.1,100,0.5,0.5,3,2,2,10,0.2,0.1,1.5,0.9
ftv55,2005,-19.800498753117196,a,10,0.1,100,0.5,0.5,3,2,2,10,0.2,0.1,1.5,0.9
ft53,8689,-20.531706755668083,a,10,0.1,100,0.5,0.5,3,2,2,10,0.2,0.1,1.5,0.9
ftv35,1791,-17.755443886097154,a,10,0.1,100,0.5,0.5,3,2,2,10,0.2,0.1,1.5,0.9
br17,39,0.0,a,10,0.1,100,0.5,0.5,3,2,2,10,0.2,0.1,1.5,0.9
rbg323,1734,-23.529411764705884,a,10,0.1,100,0.5,0.5,3,2,2,10,0.2,0.1,1.5,0.9
rbg358,1812,-35.8167770419426,a,10,0.1,100,0.5,0.5,3,2,2,10,0.2,0.1,1.5,0.9
rbg443,3902,-30.292157867760125,a,10,0.1,100,0.5,0.5,3,2,2,10,0.2,0.1,1.5,0.9
rbg403,3523,-30.031223389156963,a,10,0.1,100,0.5,0.5,3,2,2,10,0.2,0.1,1.5,0.9
ft70,42793,-9.627742855139871,a,10,0.1,100,0.5,0.5,3,2,2,10,0.2,0.1,1.5,0.9
ftv170,3846,-28.367134685387413,a,10,0.1,100,0.5,0.5,3,2,2,10,0.2,0.1,1.5,0.9
ftv47,2326,-23.645743766122095,a,10,0.1,100,0.5,0.5,3,2,2,10,0.2,0.1,1.5,0.9
ftv70,2380,-18.067226890756302,a,10,0.1,100,0.5,0.5,3,2,2,10,0.2,0.1,1.5,0.9
p43,5659,-0.689167697473053,a,10,0.1,100,0.5,0.5,1,2,2,10,0.2,0.1,1.5,0.9
ry48p,16562,-12.921144789276667,a,10,0.1,100,0.5,0.5,1,2,2,10,0.2,0.1,1.5,0.9
ftv44,2003,-19.470793809286064,a,10,0.1,100,0.5,0.5,1,2,2,10,0.2,0.1,1.5,0.9
ftv64,2550,-27.882352941176464,a,10,0.1,100,0.5,0.5,1,2,2,10,0.2,0.1,1.5,0.9
ftv33,1555,-17.299035369774913,a,10,0.1,100,0.5,0.5,1,2,2,10,0.2,0.1,1.5,0.9
kro124p,46570,-22.203135065492802,a,10,0.1,100,0.5,0.5,1,2,2,10,0.2,0.1,1.5,0.9
ftv38,1664,-8.052884615384613,a,10,0.1,100,0.5,0.5,1,2,2,10,0.2,0.1,1.5,0.9
ftv55,1922,-16.337148803329853,a,10,0.1,100,0.5,0.5,1,2,2,10,0.2,0.1,1.5,0.9
ft53,8684,-20.485951174573927,a,10,0.1,100,0.5,0.5,1,2,2,10,0.2,0.1,1.5,0.9
ftv35,1722,-14.459930313588856,a,10,0.1,100,0.5,0.5,1,2,2,10,0.2,0.1,1.5,0.9
br17,39,0.0,a,10,0.1,100,0.5,0.5,1,2,2,10,0.2,0.1,1.5,0.9
rbg323,1733,-23.48528563185228,a,10,0.1,100,0.5,0.5,1,2,2,10,0.2,0.1,1.5,0.9
rbg358,1764,-34.0702947845805,a,10,0.1,100,0.5,0.5,1,2,2,10,0.2,0.1,1.5,0.9
rbg443,3719,-26.862059693465994,a,10,0.1,100,0.5,0.5,1,2,2,10,0.2,0.1,1.5,0.9
rbg403,3527,-30.11057555996598,a,10,0.1,100,0.5,0.5,1,2,2,10,0.2,0.1,1.5,0.9
ft70,42376,-8.738436851047766,a,10,0.1,100,0.5,0.5,1,2,2,10,0.2,0.1,1.5,0.9
ftv170,3811,-27.709262660718963,a,10,0.1,100,0.5,0.5,1,2,2,10,0.2,0.1,1.5,0.9
ftv47,2265,-21.58940397350993,a,10,0.1,100,0.5,0.5,1,2,2,10,0.2,0.1,1.5,0.9
ftv70,2418,-19.354838709677423,a,10,0.1,100,0.5,0.5,1,2,2,10,0.2,0.1,1.5,0.9
p43,5663,-0.759314850785799,b,10,0.1,100,0.5,0.5,1,2,2,10,0.2,0.1,1.5,0.9
ry48p,16170,-10.810142238713667,b,10,0.1,100,0.5,0.5,1,2,2,10,0.2,0.1,1.5,0.9
ftv44,1996,-19.188376753507015,b,10,0.1,100,0.5,0.5,1,2,2,10,0.2,0.1,1.5,0.9
ftv64,2511,-26.76224611708483,b,10,0.1,100,0.5,0.5,1,2,2,10,0.2,0.1,1.5,0.9
ftv33,1596,-19.42355889724311,b,10,0.1,100,0.5,0.5,1,2,2,10,0.2,0.1,1.5,0.9
kro124p,46075,-21.367335865436786,b,10,0.1,100,0.5,0.5,1,2,2,10,0.2,0.1,1.5,0.9
ftv38,1662,-7.942238267148014,b,10,0.1,100,0.5,0.5,1,2,2,10,0.2,0.1,1.5,0.9
ftv55,1920,-16.25,b,10,0.1,100,0.5,0.5,1,2,2,10,0.2,0.1,1.5,0.9
ft53,8824,-21.74750679963735,b,10,0.1,100,0.5,0.5,1,2,2,10,0.2,0.1,1.5,0.9
ftv35,1782,-17.34006734006735,b,10,0.1,100,0.5,0.5,1,2,2,10,0.2,0.1,1.5,0.9
br17,39,0.0,b,10,0.1,100,0.5,0.5,1,2,2,10,0.2,0.1,1.5,0.9
rbg323,1729,-23.308270676691734,b,10,0.1,100,0.5,0.5,1,2,2,10,0.2,0.1,1.5,0.9
rbg358,1812,-35.8167770419426,b,10,0.1,100,0.5,0.5,1,2,2,10,0.2,0.1,1.5,0.9
rbg443,3823,-28.85168715668324,b,10,0.1,100,0.5,0.5,1,2,2,10,0.2,0.1,1.5,0.9
rbg403,3447,-28.48854076008122,b,10,0.1,100,0.5,0.5,1,2,2,10,0.2,0.1,1.5,0.9
ft70,42459,-8.916837419628337,b,10,0.1,100,0.5,0.5,1,2,2,10,0.2,0.1,1.5,0.9
ftv170,3876,-28.92156862745098,b,10,0.1,100,0.5,0.5,1,2,2,10,0.2,0.1,1.5,0.9
ftv47,2250,-21.066666666666663,b,10,0.1,100,0.5,0.5,1,2,2,10,0.2,0.1,1.5,0.9
ftv70,2421,-19.454770755886003,b,10,0.1,100,0.5,0.5,1,2,2,10,0.2,0.1,1.5,0.9
p43,5707,-1.5244436656737292,b,10,0.1,100,0.5,0.5,1,1,2,10,0.2,0.1,1.5,0.9
ry48p,16441,-12.280274922449976,b,10,0.1,100,0.5,0.5,1,1,2,10,0.2,0.1,1.5,0.9
ftv44,1952,-17.366803278688522,b,10,0.1,100,0.5,0.5,1,1,2,10,0.2,0.1,1.5,0.9
ftv64,2463,-25.33495736906211,b,10,0.1,100,0.5,0.5,1,1,2,10,0.2,0.1,1.5,0.9
ftv33,1558,-17.458279845956355,b,10,0.1,100,0.5,0.5,1,1,2,10,0.2,0.1,1.5,0.9
kro124p,46465,-22.027332400731737,b,10,0.1,100,0.5,0.5,1,1,2,10,0.2,0.1,1.5,0.9
ftv38,1679,-8.874329958308508,b,10,0.1,100,0.5,0.5,1,1,2,10,0.2,0.1,1.5,0.9
ftv55,1964,-18.12627291242363,b,10,0.1,100,0.5,0.5,1,1,2,10,0.2,0.1,1.5,0.9
ft53,8947,-22.823292723818042,b,10,0.1,100,0.5,0.5,1,1,2,10,0.2,0.1,1.5,0.9
ftv35,1747,-15.684029765311962,b,10,0.1,100,0.5,0.5,1,1,2,10,0.2,0.1,1.5,0.9
br17,39,0.0,b,10,0.1,100,0.5,0.5,1,1,2,10,0.2,0.1,1.5,0.9
rbg323,1729,-23.308270676691734,b,10,0.1,100,0.5,0.5,1,1,2,10,0.2,0.1,1.5,0.9
rbg358,1793,-35.13664249860568,b,10,0.1,100,0.5,0.5,1,1,2,10,0.2,0.1,1.5,0.9
rbg443,3862,-29.57017089590886,b,10,0.1,100,0.5,0.5,1,1,2,10,0.2,0.1,1.5,0.9
rbg403,3533,-30.22926691197283,b,10,0.1,100,0.5,0.5,1,1,2,10,0.2,0.1,1.5,0.9
ft70,42488,-8.979005836942207,b,10,0.1,100,0.5,0.5,1,1,2,10,0.2,0.1,1.5,0.9
ftv170,3844,-28.32986472424558,b,10,0.1,100,0.5,0.5,1,1,2,10,0.2,0.1,1.5,0.9
ftv47,2230,-20.35874439461884,b,10,0.1,100,0.5,0.5,1,1,2,10,0.2,0.1,1.5,0.9
ftv70,2389,-18.375889493511934,b,10,0.1,100,0.5,0.5,1,1,2,10,0.2,0.1,1.5,0.9
p43,5684,-1.1259676284306863,max_length_percent_of_cycle,10,0.1,100,0.5,0.5,1,2,2,10,0.05,0.1,1.5,0.9
ry48p,16472,-12.445361826129187,max_length_percent_of_cycle,10,0.1,100,0.5,0.5,1,2,2,10,0.05,0.1,1.5,0.9
ftv44,1967,-17.996949669547533,max_length_percent_of_cycle,10,0.1,100,0.5,0.5,1,2,2,10,0.05,0.1,1.5,0.9
ftv64,2550,-27.882352941176464,max_length_percent_of_cycle,10,0.1,100,0.5,0.5,1,2,2,10,0.05,0.1,1.5,0.9
ftv33,1594,-19.322459222082813,max_length_percent_of_cycle,10,0.1,100,0.5,0.5,1,2,2,10,0.05,0.1,1.5,0.9
kro124p,46390,-21.901271825824537,max_length_percent_of_cycle,10,0.1,100,0.5,0.5,1,2,2,10,0.05,0.1,1.5,0.9
ftv38,1670,-8.383233532934128,max_length_percent_of_cycle,10,0.1,100,0.5,0.5,1,2,2,10,0.05,0.1,1.5,0.9
ftv55,1988,-19.11468812877264,max_length_percent_of_cycle,10,0.1,100,0.5,0.5,1,2,2,10,0.05,0.1,1.5,0.9
ft53,8766,-21.22975131188683,max_length_percent_of_cycle,10,0.1,100,0.5,0.5,1,2,2,10,0.05,0.1,1.5,0.9
ftv35,1788,-17.61744966442953,max_length_percent_of_cycle,10,0.1,100,0.5,0.5,1,2,2,10,0.05,0.1,1.5,0.9
br17,39,0.0,max_length_percent_of_cycle,10,0.1,100,0.5,0.5,1,2,2,10,0.05,0.1,1.5,0.9
rbg323,1728,-23.263888888888886,max_length_percent_of_cycle,10,0.1,100,0.5,0.5,1,2,2,10,0.05,0.1,1.5,0.9
rbg358,1792,-35.10044642857143,max_length_percent_of_cycle,10,0.1,100,0.5,0.5,1,2,2,10,0.05,0.1,1.5,0.9
rbg443,3896,-30.184804928131413,max_length_percent_of_cycle,10,0.1,100,0.5,0.5,1,2,2,10,0.05,0.1,1.5,0.9
rbg403,3438,-28.301337987201862,max_length_percent_of_cycle,10,0.1,100,0.5,0.5,1,2,2,10,0.05,0.1,1.5,0.9
ft70,42113,-8.168499038301718,max_length_percent_of_cycle,10,0.1,100,0.5,0.5,1,2,2,10,0.05,0.1,1.5,0.9
ftv170,3887,-29.12271674813482,max_length_percent_of_cycle,10,0.1,100,0.5,0.5,1,2,2,10,0.05,0.1,1.5,0.9
ftv47,2262,-21.48541114058355,max_length_percent_of_cycle,10,0.1,100,0.5,0.5,1,2,2,10,0.05,0.1,1.5,0.9
ftv70,2429,-19.72004940304653,max_length_percent_of_cycle,10,0.1,100,0.5,0.5,1,2,2,10,0.05,0.1,1.5,0.9
p43,5669,-0.8643499735402997,max_length_percent_of_cycle,10,0.1,100,0.5,0.5,1,2,2,10,0.1,0.1,1.5,0.9
ry48p,16562,-12.921144789276667,max_length_percent_of_cycle,10,0.1,100,0.5,0.5,1,2,2,10,0.1,0.1,1.5,0.9
ftv44,1967,-17.996949669547533,max_length_percent_of_cycle,10,0.1,100,0.5,0.5,1,2,2,10,0.1,0.1,1.5,0.9
ftv64,2550,-27.882352941176464,max_length_percent_of_cycle,10,0.1,100,0.5,0.5,1,2,2,10,0.1,0.1,1.5,0.9
ftv33,1572,-18.19338422391857,max_length_percent_of_cycle,10,0.1,100,0.5,0.5,1,2,2,10,0.1,0.1,1.5,0.9
kro124p,46734,-22.476141567167375,max_length_percent_of_cycle,10,0.1,100,0.5,0.5,1,2,2,10,0.1,0.1,1.5,0.9
ftv38,1662,-7.942238267148014,max_length_percent_of_cycle,10,0.1,100,0.5,0.5,1,2,2,10,0.1,0.1,1.5,0.9
ftv55,1974,-18.54103343465046,max_length_percent_of_cycle,10,0.1,100,0.5,0.5,1,2,2,10,0.1,0.1,1.5,0.9
ft53,8897,-22.38956951781499,max_length_percent_of_cycle,10,0.1,100,0.5,0.5,1,2,2,10,0.1,0.1,1.5,0.9
ftv35,1788,-17.61744966442953,max_length_percent_of_cycle,10,0.1,100,0.5,0.5,1,2,2,10,0.1,0.1,1.5,0.9
br17,39,0.0,max_length_percent_of_cycle,10,0.1,100,0.5,0.5,1,2,2,10,0.1,0.1,1.5,0.9
rbg323,1734,-23.529411764705884,max_length_percent_of_cycle,10,0.1,100,0.5,0.5,1,2,2,10,0.1,0.1,1.5,0.9
rbg358,1812,-35.8167770419426,max_length_percent_of_cycle,10,0.1,100,0.5,0.5,1,2,2,10,0.1,0.1,1.5,0.9
rbg443,3824,-28.870292887029294,max_length_percent_of_cycle,10,0.1,100,0.5,0.5,1,2,2,10,0.1,0.1,1.5,0.9
rbg403,3510,-29.772079772079778,max_length_percent_of_cycle,10,0.1,100,0.5,0.5,1,2,2,10,0.1,0.1,1.5,0.9
ft70,42529,-9.066754449904764,max_length_percent_of_cycle,10,0.1,100,0.5,0.5,1,2,2,10,0.1,0.1,1.5,0.9
ftv170,3887,-29.12271674813482,max_length_percent_of_cycle,10,0.1,100,0.5,0.5,1,2,2,10,0.1,0.1,1.5,0.9
ftv47,2283,-22.207621550591327,max_length_percent_of_cycle,10,0.1,100,0.5,0.5,1,2,2,10,0.1,0.1,1.5,0.9
ftv70,2399,-18.71613172155064,max_length_percent_of_cycle,10,0.1,100,0.5,0.5,1,2,2,10,0.1,0.1,1.5,0.9
p43,5657,-0.6540569206293156,max_length_percent_of_cycle,10,0.1,100,0.5,0.5,1,2,2,10,0.2,0.1,1.5,0.9
ry48p,16364,-11.86751405524322,max_length_percent_of_cycle,10,0.1,100,0.5,0.5,1,2,2,10,0.2,0.1,1.5,0.9
ftv44,1967,-17.996949669547533,max_length_percent_of_cycle,10,0.1,100,0.5,0.5,1,2,2,10,0.2,0.1,1.5,0.9
ftv64,2510,-26.733067729083672,max_length_percent_of_cycle,10,0.1,100,0.5,0.5,1,2,2,10,0.2,0.1,1.5,0.9
ftv33,1576,-18.401015228426402,max_length_percent_of_cycle,10,0.1,100,0.5,0.5,1,2,2,10,0.2,0.1,1.5,0.9
kro124p,46982,-22.88536035077263,max_length_percent_of_cycle,10,0.1,100,0.5,0.5,1,2,2,10,0.2,0.1,1.5,0.9
ftv38,1662,-7.942238267148014,max_length_percent_of_cycle,10,0.1,100,0.5,0.5,1,2,2,10,0.2,0.1,1.5,0.9
ftv55,1920,-16.25,max_length_percent_of_cycle,10,0.1,100,0.5,0.5,1,2,2,10,0.2,0.1,1.5,0.9
ft53,9003,-23.303343330001113,max_length_percent_of_cycle,10,0.1,100,0.5,0.5,1,2,2,10,0.2,0.1,1.5,0.9
ftv35,1742,-15.442020665901268,max_length_percent_of_cycle,10,0.1,100,0.5,0.5,1,2,2,10,0.2,0.1,1.5,0.9
br17,39,0.0,max_length_percent_of_cycle,10,0.1,100,0.5,0.5,1,2,2,10,0.2,0.1,1.5,0.9
rbg323,1734,-23.529411764705884,max_length_percent_of_cycle,10,0.1,100,0.5,0.5,1,2,2,10,0.2,0.1,1.5,0.9
rbg358,1769,-34.256642170717925,max_length_percent_of_cycle,10,0.1,100,0.5,0.5,1,2,2,10,0.2,0.1,1.5,0.9
rbg443,3777,-27.98517341805666,max_length_percent_of_cycle,10,0.1,100,0.5,0.5,1,2,2,10,0.2,0.1,1.5,0.9
rbg403,3437,-28.280477160314234,max_length_percent_of_cycle,10,0.1,100,0.5,0.5,1,2,2,10,0.2,0.1,1.5,0.9
ft70,42705,-9.441517386722865,max_length_percent_of_cycle,10,0.1,100,0.5,0.5,1,2,2,10,0.2,0.1,1.5,0.9
ftv170,3833,-28.124184711714065,max_length_percent_of_cycle,10,0.1,100,0.5,0.5,1,2,2,10,0.2,0.1,1.5,0.9
ftv47,2279,-22.071083808688016,max_length_percent_of_cycle,10,0.1,100,0.5,0.5,1,2,2,10,0.2,0.1,1.5,0.9
ftv70,2473,-21.14840274969673,max_length_percent_of_cycle,10,0.1,100,0.5,0.5,1,2,2,10,0.2,0.1,1.5,0.9
p43,5637,-0.3015788540003541,max_length_percent_of_cycle,10,0.1,100,0.5,0.5,1,2,2,10,0.3,0.1,1.5,0.9
ry48p,16270,-11.358328211432081,max_length_percent_of_cycle,10,0.1,100,0.5,0.5,1,2,2,10,0.3,0.1,1.5,0.9
ftv44,2003,-19.470793809286064,max_length_percent_of_cycle,10,0.1,100,0.5,0.5,1,2,2,10,0.3,0.1,1.5,0.9
ftv64,2501,-26.469412235105963,max_length_percent_of_cycle,10,0.1,100,0.5,0.5,1,2,2,10,0.3,0.1,1.5,0.9
ftv33,1541,-16.547696301103173,max_length_percent_of_cycle,10,0.1,100,0.5,0.5,1,2,2,10,0.3,0.1,1.5,0.9
kro124p,46677,-22.381472673907922,max_length_percent_of_cycle,10,0.1,100,0.5,0.5,1,2,2,10,0.3,0.1,1.5,0.9
ftv38,1658,-7.720144752714106,max_length_percent_of_cycle,10,0.1,100,0.5,0.5,1,2,2,10,0.3,0.1,1.5,0.9
ftv55,1951,-17.580727831881077,max_length_percent_of_cycle,10,0.1,100,0.5,0.5,1,2,2,10,0.3,0.1,1.5,0.9
ft53,8762,-21.193791371832916,max_length_percent_of_cycle,10,0.1,100,0.5,0.5,1,2,2,10,0.3,0.1,1.5,0.9
ftv35,1735,-15.100864553314125,max_length_percent_of_cycle,10,0.1,100,0.5,0.5,1,2,2,10,0.3,0.1,1.5,0.9
br17,39,0.0,max_length_percent_of_cycle,10,0.1,100,0.5,0.5,1,2,2,10,0.3,0.1,1.5,0.9
rbg323,1719,-22.862129144851664,max_length_percent_of_cycle,10,0.1,100,0.5,0.5,1,2,2,10,0.3,0.1,1.5,0.9
rbg358,1784,-34.80941704035875,max_length_percent_of_cycle,10,0.1,100,0.5,0.5,1,2,2,10,0.3,0.1,1.5,0.9
rbg443,3807,-28.552666141318625,max_length_percent_of_cycle,10,0.1,100,0.5,0.5,1,2,2,10,0.3,0.1,1.5,0.9
rbg403,3484,-29.247990815154992,max_length_percent_of_cycle,10,0.1,100,0.5,0.5,1,2,2,10,0.3,0.1,1.5,0.9
ft70,42510,-9.026111503175727,max_length_percent_of_cycle,10,0.1,100,0.5,0.5,1,2,2,10,0.3,0.1,1.5,0.9
ftv170,3884,-29.067971163748723,max_length_percent_of_cycle,10,0.1,100,0.5,0.5,1,2,2,10,0.3,0.1,1.5,0.9
ftv47,2234,-20.501342882721573,max_length_percent_of_cycle,10,0.1,100,0.5,0.5,1,2,2,10,0.3,0.1,1.5,0.9
ftv70,2490,-21.686746987951807,max_length_percent_of_cycle,10,0.1,100,0.5,0.5,1,2,2,10,0.3,0.1,1.5,0.9
p43,5668,-0.8468595624558901,swap_states_probability,10,0.1,100,0.5,0.5,1,2,2,10,0.2,0.1,1.5,0.9
ry48p,16453,-12.34425332766061,swap_states_probability,10,0.1,100,0.5,0.5,1,2,2,10,0.2,0.1,1.5,0.9
ftv44,2003,-19.470793809286064,swap_states_probability,10,0.1,100,0.5,0.5,1,2,2,10,0.2,0.1,1.5,0.9
ftv64,2535,-27.455621301775153,swap_states_probability,10,0.1,100,0.5,0.5,1,2,2,10,0.2,0.1,1.5,0.9
ftv33,1499,-14.209472981987986,swap_states_probability,10,0.1,100,0.5,0.5,1,2,2,10,0.2,0.1,1.5,0.9
kro124p,46322,-21.78662406631838,swap_states_probability,10,0.1,100,0.5,0.5,1,2,2,10,0.2,0.1,1.5,0.9
ftv38,1662,-7.942238267148014,swap_states_probability,10,0.1,100,0.5,0.5,1,2,2,10,0.2,0.1,1.5,0.9
ftv55,1975,-18.582278481012665,swap_states_probability,10,0.1,100,0.5,0.5,1,2,2,10,0.2,0.1,1.5,0.9
ft53,9015,-23.405435385468664,swap_states_probability,10,0.1,100,0.5,0.5,1,2,2,10,0.2,0.1,1.5,0.9
ftv35,1788,-17.61744966442953,swap_states_probability,10,0.1,100,0.5,0.5,1,2,2,10,0.2,0.1,1.5,0.9
br17,39,0.0,swap_states_probability,10,0.1,100,0.5,0.5,1,2,2,10,0.2,0.1,1.5,0.9
rbg323,1722,-22.99651567944251,swap_states_probability,10,0.1,100,0.5,0.5,1,2,2,10,0.2,0.1,1.5,0.9
rbg358,1775,-34.47887323943662,swap_states_probability,10,0.1,100,0.5,0.5,1,2,2,10,0.2,0.1,1.5,0.9
rbg443,3847,-29.295554977904857,swap_states_probability,10,0.1,100,0.5,0.5,1,2,2,10,0.2,0.1,1.5,0.9
rbg403,3535,-30.26874115983027,swap_states_probability,10,0.1,100,0.5,0.5,1,2,2,10,0.2,0.1,1.5,0.9
ft70,42285,-8.542036183043635,swap_states_probability,10,0.1,100,0.5,0.5,1,2,2,10,0.2,0.1,1.5,0.9
ftv170,3887,-29.12271674813482,swap_states_probability,10,0.1,100,0.5,0.5,1,2,2,10,0.2,0.1,1.5,0.9
ftv47,2266,-21.62400706090027,swap_states_probability,10,0.1,100,0.5,0.5,1,2,2,10,0.2,0.1,1.5,0.9
ftv70,2520,-22.61904761904762,swap_states_probability,10,0.1,100,0.5,0.5,1,2,2,10,0.2,0.1,1.5,0.9
p43,5680,-1.0563380281690087,swap_states_probability,10,0.1,100,0.5,0.5,1,2,2,10,0.2,0.2,1.5,0.9
ry48p,16615,-13.198916641588923,swap_states_probability,10,0.1,100,0.5,0.5,1,2,2,10,0.2,0.2,1.5,0.9
ftv44,2003,-19.470793809286064,swap_states_probability,10,0.1,100,0.5,0.5,1,2,2,10,0.2,0.2,1.5,0.9
ftv64,2505,-26.58682634730539,swap_states_probability,10,0.1,100,0.5,0.5,1,2,2,10,0.2,0.2,1.5,0.9
ftv33,1593,-19.27181418706843,swap_states_probability,10,0.1,100,0.5,0.5,1,2,2,10,0.2,0.2,1.5,0.9
kro124p,46591,-22.23820051082828,swap_states_probability,10,0.1,100,0.5,0.5,1,2,2,10,0.2,0.2,1.5,0.9
ftv38,1664,-8.052884615384613,swap_states_probability,10,0.1,100,0.5,0.5,1,2,2,10,0.2,0.2,1.5,0.9
ftv55,2011,-20.039781203381395,swap_states_probability,10,0.1,100,0.5,0.5,1,2,2,10,0.2,0.2,1.5,0.9
ft53,8730,-20.904925544100806,swap_states_probability,10,0.1,100,0.5,0.5,1,2,2,10,0.2,0.2,1.5,0.9
ftv35,1742,-15.442020665901268,swap_states_probability,10,0.1,100,0.5,0.5,1,2,2,10,0.2,0.2,1.5,0.9
br17,39,0.0,swap_states_probability,10,0.1,100,0.5,0.5,1,2,2,10,0.2,0.2,1.5,0.9
rbg323,1734,-23.529411764705884,swap_states_probability,10,0.1,100,0.5,0.5,1,2,2,10,0.2,0.2,1.5,0.9
rbg358,1779,-34.62619449128724,swap_states_probability,10,0.1,100,0.5,0.5,1,2,2,10,0.2,0.2,1.5,0.9
rbg443,3848,-29.313929313929307,swap_states_probability,10,0.1,100,0.5,0.5,1,2,2,10,0.2,0.2,1.5,0.9
rbg403,3451,-28.57142857142857,swap_states_probability,10,0.1,100,0.5,0.5,1,2,2,10,0.2,0.2,1.5,0.9
ft70,42274,-8.518238160571514,swap_states_probability,10,0.1,100,0.5,0.5,1,2,2,10,0.2,0.2,1.5,0.9
ftv170,3887,-29.12271674813482,swap_states_probability,10,0.1,100,0.5,0.5,1,2,2,10,0.2,0.2,1.5,0.9
ftv47,2278,-22.03687445127305,swap_states_probability,10,0.1,100,0.5,0.5,1,2,2,10,0.2,0.2,1.5,0.9
ftv70,2428,-19.686985172981878,swap_states_probability,10,0.1,100,0.5,0.5,1,2,2,10,0.2,0.2,1.5,0.9
p43,5668,-0.8468595624558901,swap_states_probability,10,0.1,100,0.5,0.5,1,2,2,10,0.2,0.15,1.5,0.9
ry48p,16419,-12.162738291004331,swap_states_probability,10,0.1,100,0.5,0.5,1,2,2,10,0.2,0.15,1.5,0.9
ftv44,2003,-19.470793809286064,swap_states_probability,10,0.1,100,0.5,0.5,1,2,2,10,0.2,0.15,1.5,0.9
ftv64,2498,-26.381104883907128,swap_states_probability,10,0.1,100,0.5,0.5,1,2,2,10,0.2,0.15,1.5,0.9
ftv33,1514,-15.059445178335537,swap_states_probability,10,0.1,100,0.5,0.5,1,2,2,10,0.2,0.15,1.5,0.9
kro124p,46294,-21.739318270186203,swap_states_probability,10,0.1,100,0.5,0.5,1,2,2,10,0.2,0.15,1.5,0.9
ftv38,1666,-8.16326530612244,swap_states_probability,10,0.1,100,0.5,0.5,1,2,2,10,0.2,0.15,1.5,0.9
ftv55,1873,-14.14842498665243,swap_states_probability,10,0.1,100,0.5,0.5,1,2,2,10,0.2,0.15,1.5,0.9
ft53,8728,-20.88680109990834,swap_states_probability,10,0.1,100,0.5,0.5,1,2,2,10,0.2,0.15,1.5,0.9
ftv35,1694,-13.046044864226687,swap_states_probability,10,0.1,100,0.5,0.5,1,2,2,10,0.2,0.15,1.5,0.9
br17,39,0.0,swap_states_probability,10,0.1,100,0.5,0.5,1,2,2,10,0.2,0.15,1.5,0.9
rbg323,1734,-23.529411764705884,swap_states_probability,10,0.1,100,0.5,0.5,1,2,2,10,0.2,0.15,1.5,0.9
rbg358,1793,-35.13664249860568,swap_states_probability,10,0.1,100,0.5,0.5,1,2,2,10,0.2,0.15,1.5,0.9
rbg443,3891,-30.095091236186065,swap_states_probability,10,0.1,100,0.5,0.5,1,2,2,10,0.2,0.15,1.5,0.9
rbg403,3394,-27.3718326458456,swap_states_probability,10,0.1,100,0.5,0.5,1,2,2,10,0.2,0.15,1.5,0.9
ft70,42403,-8.796547414098058,swap_states_probability,10,0.1,100,0.5,0.5,1,2,2,10,0.2,0.15,1.5,0.9
ftv170,3844,-28.32986472424558,swap_states_probability,10,0.1,100,0.5,0.5,1,2,2,10,0.2,0.15,1.5,0.9
ftv47,2266,-21.62400706090027,swap_states_probability,10,0.1,100,0.5,0.5,1,2,2,10,0.2,0.15,1.5,0.9
ftv70,2460,-20.731707317073173,swap_states_probability,10,0.1,100,0.5,0.5,1,2,2,10,0.2,0.15,1.5,0.9
p43,5682,-1.0911650827173531,swap_states_probability,10,0.1,100,0.5,0.5,1,2,2,10,0.2,0.05,1.5,0.9
ry48p,16419,-12.162738291004331,swap_states_probability,10,0.1,100,0.5,0.5,1,2,2,10,0.2,0.05,1.5,0.9
ftv44,1994,-19.107321965897697,swap_states_probability,10,0.1,100,0.5,0.5,1,2,2,10,0.2,0.05,1.5,0.9
ftv64,2479,-25.816861637757157,swap_states_probability,10,0.1,100,0.5,0.5,1,2,2,10,0.2,0.05,1.5,0.9
ftv33,1570,-18.089171974522287,swap_states_probability,10,0.1,100,0.5,0.5,1,2,2,10,0.2,0.05,1.5,0.9
kro124p,46070,-21.358801823312348,swap_states_probability,10,0.1,100,0.5,0.5,1,2,2,10,0.2,0.05,1.5,0.9
ftv38,1664,-8.052884615384613,swap_states_probability,10,0.1,100,0.5,0.5,1,2,2,10,0.2,0.05,1.5,0.9
ftv55,1896,-15.189873417721529,swap_states_probability,10,0.1,100,0.5,0.5,1,2,2,10,0.2,0.05,1.5,0.9
ft53,8579,-19.51276372537592,swap_states_probability,10,0.1,100,0.5,0.5,1,2,2,10,0.2,0.05,1.5,0.9
ftv35,1730,-14.855491329479761,swap_states_probability,10,0.1,100,0.5,0.5,1,2,2,10,0.2,0.05,1.5,0.9
br17,39,0.0,swap_states_probability,10,0.1,100,0.5,0.5,1,2,2,10,0.2,0.05,1.5,0.9
rbg323,1734,-23.529411764705884,swap_states_probability,10,0.1,100,0.5,0.5,1,2,2,10,0.2,0.05,1.5,0.9
rbg358,1791,-35.0642099385818,swap_states_probability,10,0.1,100,0.5,0.5,1,2,2,10,0.2,0.05,1.5,0.9
rbg443,3830,-28.98172323759792,swap_states_probability,10,0.1,100,0.5,0.5,1,2,2,10,0.2,0.05,1.5,0.9
rbg403,3398,-27.45732783990583,swap_states_probability,10,0.1,100,0.5,0.5,1,2,2,10,0.2,0.05,1.5,0.9
ft70,42084,-8.105218135158253,swap_states_probability,10,0.1,100,0.5,0.5,1,2,2,10,0.2,0.05,1.5,0.9
ftv170,3915,-29.629629629629633,swap_states_probability,10,0.1,100,0.5,0.5,1,2,2,10,0.2,0.05,1.5,0.9
ftv47,2145,-17.2027972027972,swap_states_probability,10,0.1,100,0.5,0.5,1,2,2,10,0.2,0.05,1.5,0.9
ftv70,2384,-18.204697986577173,swap_states_probability,10,0.1,100,0.5,0.5,1,2,2,10,0.2,0.05,1.5,0.9
p43,5664,-0.7768361581920971,cooling_rate,10,0.1,100,0.5,0.5,1,2,2,10,0.2,0.1,1.5,0.9
ry48p,16378,-11.942850164855287,cooling_rate,10,0.1,100,0.5,0.5,1,2,2,10,0.2,0.1,1.5,0.9
ftv44,1952,-17.366803278688522,cooling_rate,10,0.1,100,0.5,0.5,1,2,2,10,0.2,0.1,1.5,0.9
ftv64,2494,-26.263031275060143,cooling_rate,10,0.1,100,0.5,0.5,1,2,2,10,0.2,0.1,1.5,0.9
ftv33,1590,-19.119496855345915,cooling_rate,10,0.1,100,0.5,0.5,1,2,2,10,0.2,0.1,1.5,0.9
kro124p,45870,-21.01591454109439,cooling_rate,10,0.1,100,0.5,0.5,1,2,2,10,0.2,0.1,1.5,0.9
ftv38,1670,-8.383233532934128,cooling_rate,10,0.1,100,0.5,0.5,1,2,2,10,0.2,0.1,1.5,0.9
ftv55,1891,-14.96562665256478,cooling_rate,10,0.1,100,0.5,0.5,1,2,2,10,0.2,0.1,1.5,0.9
ft53,8910,-22.502805836139174,cooling_rate,10,0.1,100,0.5,0.5,1,2,2,10,0.2,0.1,1.5,0.9
ftv35,1788,-17.61744966442953,cooling_rate,10,0.1,100,0.5,0.5,1,2,2,10,0.2,0.1,1.5,0.9
br17,39,0.0,cooling_rate,10,0.1,100,0.5,0.5,1,2,2,10,0.2,0.1,1.5,0.9
rbg323,1734,-23.529411764705884,cooling_rate,10,0.1,100,0.5,0.5,1,2,2,10,0.2,0.1,1.5,0.9
rbg358,1773,-34.40496333897349,cooling_rate,10,0.1,100,0.5,0.5,1,2,2,10,0.2,0.1,1.5,0.9
rbg443,3831,-29.0002610284521,cooling_rate,10,0.1,100,0.5,0.5,1,2,2,10,0.2,0.1,1.5,0.9
rbg403,3506,-29.69195664575014,cooling_rate,10,0.1,100,0.5,0.5,1,2,2,10,0.2,0.1,1.5,0.9
ft70,42342,-8.665155165084315,cooling_rate,10,0.1,100,0.5,0.5,1,2,2,10,0.2,0.1,1.5,0.9
ftv170,3882,-29.031427099433287,cooling_rate,10,0.1,100,0.5,0.5,1,2,2,10,0.2,0.1,1.5,0.9
ftv47,2311,-23.15015144958892,cooling_rate,10,0.1,100,0.5,0.5,1,2,2,10,0.2,0.1,1.5,0.9
ftv70,2404,-18.885191347753747,cooling_rate,10,0.1,100,0.5,0.5,1,2,2,10,0.2,0.1,1.5,0.9
p43,5641,-0.37227441942917494,cooling_rate,10,0.1,100,0.5,0.5,1,2,2,10,0.2,0.1,1.5,0.93
ry48p,16445,-12.301611432046215,cooling_rate,10,0.1,100,0.5,0.5,1,2,2,10,0.2,0.1,1.5,0.93
ftv44,2003,-19.470793809286064,cooling_rate,10,0.1,100,0.5,0.5,1,2,2,10,0.2,0.1,1.5,0.93
ftv64,2499,-26.41056422569028,cooling_rate,10,0.1,100,0.5,0.5,1,2,2,10,0.2,0.1,1.5,0.93
ftv33,1515,-15.115511551155109,cooling_rate,10,0.1,100,0.5,0.5,1,2,2,10,0.2,0.1,1.5,0.93
kro124p,46734,-22.476141567167375,cooling_rate,10,0.1,100,0.5,0.5,1,2,2,10,0.2,0.1,1.5,0.93
ftv38,1662,-7.942238267148014,cooling_rate,10,0.1,100,0.5,0.5,1,2,2,10,0.2,0.1,1.5,0.93
ftv55,1999,-19.559779889944977,cooling_rate,10,0.1,100,0.5,0.5,1,2,2,10,0.2,0.1,1.5,0.93
ft53,8703,-20.659542686429972,cooling_rate,10,0.1,100,0.5,0.5,1,2,2,10,0.2,0.1,1.5,0.93
ftv35,1755,-16.068376068376068,cooling_rate,10,0.1,100,0.5,0.5,1,2,2,10,0.2,0.1,1.5,0.93
br17,41,-4.878048780487802,cooling_rate,10,0.1,100,0.5,0.5,1,2,2,10,0.2,0.1,1.5,0.93
rbg323,1715,-22.68221574344024,cooling_rate,10,0.1,100,0.5,0.5,1,2,2,10,0.2,0.1,1.5,0.93
rbg358,1766,-34.14496036240091,cooling_rate,10,0.1,100,0.5,0.5,1,2,2,10,0.2,0.1,1.5,0.93
rbg443,3746,-27.389215162840358,cooling_rate,10,0.1,100,0.5,0.5,1,2,2,10,0.2,0.1,1.5,0.93
rbg403,3393,-27.350427350427353,cooling_rate,10,0.1,100,0.5,0.5,1,2,2,10,0.2,0.1,1.5,0.93
ft70,41938,-7.785302112642469,cooling_rate,10,0.1,100,0.5,0.5,1,2,2,10,0.2,0.1,1.5,0.93
ftv170,3833,-28.124184711714065,cooling_rate,10,0.1,100,0.5,0.5,1,2,2,10,0.2,0.1,1.5,0.93
ftv47,2313,-23.216601815823594,cooling_rate,10,0.1,100,0.5,0.5,1,2,2,10,0.2,0.1,1.5,0.93
ftv70,2408,-19.019933554817285,cooling_rate,10,0.1,100,0.5,0.5,1,2,2,10,0.2,0.1,1.5,0.93
p43,5688,-1.1954992967651208,cooling_rate,10,0.1,100,0.5,0.5,1,2,2,10,0.2,0.1,1.5,0.96
ry48p,16039,-10.081675914957287,cooling_rate,10,0.1,100,0.5,0.5,1,2,2,10,0.2,0.1,1.5,0.96
ftv44,1952,-17.366803278688522,cooling_rate,10,0.1,100,0.5,0.5,1,2,2,10,0.2,0.1,1.5,0.96
ftv64,2550,-27.882352941176464,cooling_rate,10,0.1,100,0.5,0.5,1,2,2,10,0.2,0.1,1.5,0.96
ftv33,1549,-16.978695932859907,cooling_rate,10,0.1,100,0.5,0.5,1,2,2,10,0.2,0.1,1.5,0.96
kro124p,46271,-21.700417107907768,cooling_rate,10,0.1,100,0.5,0.5,1,2,2,10,0.2,0.1,1.5,0.96
ftv38,1664,-8.052884615384613,cooling_rate,10,0.1,100,0.5,0.5,1,2,2,10,0.2,0.1,1.5,0.96
ftv55,1903,-15.501839201261163,cooling_rate,10,0.1,100,0.5,0.5,1,2,2,10,0.2,0.1,1.5,0.96
ft53,8747,-21.058648679547275,cooling_rate,10,0.1,100,0.5,0.5,1,2,2,10,0.2,0.1,1.5,0.96
ftv35,1791,-17.755443886097154,cooling_rate,10,0.1,100,0.5,0.5,1,2,2,10,0.2,0.1,1.5,0.96
br17,39,0.0,cooling_rate,10,0.1,100,0.5,0.5,1,2,2,10,0.2,0.1,1.5,0.96
rbg323,1728,-23.263888888888886,cooling_rate,10,0.1,100,0.5,0.5,1,2,2,10,0.2,0.1,1.5,0.96
rbg358,1803,-35.49639489739323,cooling_rate,10,0.1,100,0.5,0.5,1,2,2,10,0.2,0.1,1.5,0.96
rbg443,3876,-29.82456140350878,cooling_rate,10,0.1,100,0.5,0.5,1,2,2,10,0.2,0.1,1.5,0.96
rbg403,3417,-27.860696517412933,cooling_rate,10,0.1,100,0.5,0.5,1,2,2,10,0.2,0.1,1.5,0.96
ft70,42253,-8.4727711641777,cooling_rate,10,0.1,100,0.5,0.5,1,2,2,10,0.2,0.1,1.5,0.96
ftv170,3887,-29.12271674813482,cooling_rate,10,0.1,100,0.5,0.5,1,2,2,10,0.2,0.1,1.5,0.96
ftv47,2323,-23.547137322427886,cooling_rate,10,0.1,100,0.5,0.5,1,2,2,10,0.2,0.1,1.5,0.96
ftv70,2469,-21.020656136087496,cooling_rate,10,0.1,100,0.5,0.5,1,2,2,10,0.2,0.1,1.5,0.96
p43,5672,-0.9167842031029636,cooling_rate,10,0.1,100,0.5,0.5,1,2,2,10,0.2,0.1,1.5,0.98
ry48p,16528,-12.742013552758962,cooling_rate,10,0.1,100,0.5,0.5,1,2,2,10,0.2,0.1,1.5,0.98
ftv44,1948,-17.197125256673502,cooling_rate,10,0.1,100,0.5,0.5,1,2,2,10,0.2,0.1,1.5,0.98
ftv64,2550,-27.882352941176464,cooling_rate,10,0.1,100,0.5,0.5,1,2,2,10,0.2,0.1,1.5,0.98
ftv33,1552,-17.13917525773195,cooling_rate,10,0.1,100,0.5,0.5,1,2,2,10,0.2,0.1,1.5,0.98
kro124p,46576,-22.21315699072484,cooling_rate,10,0.1,100,0.5,0.5,1,2,2,10,0.2,0.1,1.5,0.98
ftv38,1673,-8.547519426180514,cooling_rate,10,0.1,100,0.5,0.5,1,2,2,10,0.2,0.1,1.5,0.98
ftv55,1943,-17.241379310344826,cooling_rate,10,0.1,100,0.5,0.5,1,2,2,10,0.2,0.1,1.5,0.98
ft53,8768,-21.2477189781022,cooling_rate,10,0.1,100,0.5,0.5,1,2,2,10,0.2,0.1,1.5,0.98
ftv35,1738,-15.247410817031067,cooling_rate,10,0.1,100,0.5,0.5,1,2,2,10,0.2,0.1,1.5,0.98
br17,39,0.0,cooling_rate,10,0.1,100,0.5,0.5,1,2,2,10,0.2,0.1,1.5,0.98
rbg323,1734,-23.529411764705884,cooling_rate,10,0.1,100,0.5,0.5,1,2,2,10,0.2,0.1,1.5,0.98
rbg358,1812,-35.8167770419426,cooling_rate,10,0.1,100,0.5,0.5,1,2,2,10,0.2,0.1,1.5,0.98
rbg443,3901,-30.274288643937453,cooling_rate,10,0.1,100,0.5,0.5,1,2,2,10,0.2,0.1,1.5,0.98
rbg403,3485,-29.268292682926827,cooling_rate,10,0.1,100,0.5,0.5,1,2,2,10,0.2,0.1,1.5,0.98
ft70,42562,-9.137258587472402,cooling_rate,10,0.1,100,0.5,0.5,1,2,2,10,0.2,0.1,1.5,0.98
ftv170,3923,-29.77313280652561,cooling_rate,10,0.1,100,0.5,0.5,1,2,2,10,0.2,0.1,1.5,0.98
ftv47,2328,-23.711340206185568,cooling_rate,10,0.1,100,0.5,0.5,1,2,2,10,0.2,0.1,1.5,0.98
ftv70,2375,-17.89473684210526,cooling_rate,10,0.1,100,0.5,0.5,1,2,2,10,0.2,0.1,1.5,0.98
